cell,cell_types
4-1,epithelial
4-2,neutrophil
4-3,epithelial
4-4,macrophage
4-5,T CD4 naive
4-6,plasmablast
4-7,B-cell
4-8,plasmablast
4-9,T CD4 naive
4-10,macrophage
4-11,mDC
4-12,B-cell
4-14,epithelial
4-15,tumor
4-16,mast
4-17,macrophage
4-18,neutrophil
4-19,macrophage
4-20,macrophage
4-21,epithelial
4-22,epithelial
4-24,pDC
4-25,mast
4-26,endothelial
4-27,epithelial
4-28,fibroblast
4-29,tumor
4-30,macrophage
4-31,macrophage
4-32,pDC
4-33,epithelial
4-34,pDC
4-35,neutrophil
4-36,plasmablast
4-37,fibroblast
4-38,B-cell
4-39,B-cell
4-40,NK
4-41,macrophage
4-42,B-cell
4-43,T CD4 naive
4-44,tumor
4-45,NK
4-46,mDC
4-47,B-cell
4-48,epithelial
4-49,B-cell
4-50,macrophage
4-51,neutrophil
4-52,macrophage
4-53,fibroblast
4-54,mDC
4-55,B-cell
4-56,epithelial
4-57,epithelial
4-58,tumor
4-59,tumor
4-60,epithelial
4-61,epithelial
4-62,NK
4-63,T CD4 naive
4-64,tumor
4-65,mDC
4-66,endothelial
4-67,B-cell
4-68,B-cell
4-69,NK
4-70,neutrophil
4-71,B-cell
4-72,neutrophil
4-73,epithelial
4-74,B-cell
4-75,B-cell
4-76,macrophage
4-77,tumor
4-78,macrophage
4-79,endothelial
4-80,neutrophil
4-81,tumor
4-82,plasmablast
4-83,epithelial
4-84,T CD4 naive
4-85,fibroblast
4-86,endothelial
4-87,macrophage
4-88,endothelial
4-89,T CD8 naive
4-90,tumor
4-91,pDC
4-92,neutrophil
4-93,tumor
4-94,mDC
4-95,T CD4 naive
4-96,endothelial
4-97,endothelial
4-98,B-cell
4-99,neutrophil
4-100,T CD4 naive
4-101,fibroblast
4-102,T CD4 naive
4-103,B-cell
4-104,fibroblast
4-105,T CD4 naive
4-106,B-cell
4-107,epithelial
4-108,endothelial
4-109,fibroblast
4-110,epithelial
4-111,tumor
4-112,neutrophil
4-113,neutrophil
4-114,endothelial
4-115,epithelial
4-116,epithelial
4-117,T CD4 naive
4-118,B-cell
4-119,T CD4 naive
4-120,epithelial
4-121,T CD4 naive
4-122,B-cell
4-123,tumor
4-124,macrophage
4-125,mDC
4-126,B-cell
4-127,macrophage
4-128,B-cell
4-129,epithelial
4-130,NK
4-131,macrophage
4-132,tumor
4-133,T CD8 naive
4-134,mast
4-135,endothelial
4-136,tumor
4-137,plasmablast
4-138,B-cell
4-139,endothelial
4-140,neutrophil
4-141,endothelial
4-142,mast
4-143,fibroblast
4-144,mast
4-145,mDC
4-146,macrophage
4-147,T CD8 naive
4-148,fibroblast
4-149,T CD4 naive
4-150,fibroblast
4-151,endothelial
4-152,mast
4-153,endothelial
4-154,mast
4-155,B-cell
4-156,B-cell
4-157,B-cell
4-158,fibroblast
4-159,B-cell
4-160,epithelial
4-161,endothelial
4-162,fibroblast
4-163,mast
4-164,B-cell
4-165,B-cell
4-166,B-cell
4-167,T CD4 naive
4-168,endothelial
4-169,T CD4 naive
4-170,mDC
4-171,B-cell
4-172,mDC
4-173,endothelial
4-174,endothelial
4-175,neutrophil
4-176,neutrophil
4-177,macrophage
4-178,T CD4 naive
4-179,B-cell
4-180,fibroblast
4-181,fibroblast
4-182,macrophage
4-183,fibroblast
4-184,B-cell
4-185,epithelial
4-186,neutrophil
4-187,epithelial
4-188,neutrophil
4-190,macrophage
4-191,neutrophil
4-192,B-cell
4-193,B-cell
4-194,tumor
4-195,epithelial
4-196,B-cell
4-197,mDC
4-198,mDC
4-199,B-cell
4-200,neutrophil
4-201,mDC
4-202,plasmablast
4-203,T CD4 naive
4-204,fibroblast
4-205,mDC
4-206,neutrophil
4-207,B-cell
4-208,macrophage
4-209,neutrophil
4-210,T CD8 naive
4-211,neutrophil
4-212,macrophage
4-213,epithelial
4-214,B-cell
4-215,fibroblast
4-216,plasmablast
4-217,B-cell
4-218,epithelial
4-219,macrophage
4-220,tumor
4-221,neutrophil
4-222,endothelial
4-223,fibroblast
4-224,macrophage
4-225,B-cell
4-226,macrophage
4-227,mDC
4-228,mDC
4-229,neutrophil
4-231,fibroblast
4-232,neutrophil
4-234,epithelial
4-235,neutrophil
4-236,mDC
4-237,B-cell
4-238,epithelial
4-239,T CD4 naive
4-240,neutrophil
4-241,B-cell
4-242,fibroblast
4-243,neutrophil
4-244,endothelial
4-245,mDC
4-246,fibroblast
4-247,epithelial
4-248,neutrophil
4-249,neutrophil
4-250,macrophage
4-251,macrophage
4-252,mast
4-253,fibroblast
4-254,B-cell
4-255,neutrophil
4-256,plasmablast
4-257,tumor
4-258,plasmablast
4-259,endothelial
4-260,B-cell
4-261,endothelial
4-262,B-cell
4-263,endothelial
4-264,endothelial
4-265,endothelial
4-266,mDC
4-267,macrophage
4-268,neutrophil
4-269,macrophage
4-270,neutrophil
4-271,NK
4-272,epithelial
4-273,T CD4 naive
4-274,neutrophil
4-275,tumor
4-276,epithelial
4-277,neutrophil
4-278,macrophage
4-279,T CD4 naive
4-280,T CD4 naive
4-281,monocyte
4-282,neutrophil
4-284,macrophage
4-285,mDC
4-286,macrophage
4-287,epithelial
4-288,T CD8 naive
4-289,macrophage
4-290,epithelial
4-291,epithelial
4-292,neutrophil
4-293,plasmablast
4-294,T CD4 naive
4-295,macrophage
4-296,endothelial
4-297,tumor
4-298,endothelial
4-299,fibroblast
4-300,B-cell
4-301,mDC
4-302,epithelial
4-303,endothelial
4-304,neutrophil
4-305,mDC
4-306,neutrophil
4-307,mDC
4-308,epithelial
4-309,fibroblast
4-310,macrophage
4-311,mast
4-312,mDC
4-313,fibroblast
4-314,fibroblast
4-315,neutrophil
4-316,macrophage
4-317,T CD4 naive
4-318,T CD4 naive
4-319,endothelial
4-320,epithelial
4-321,mDC
4-322,fibroblast
4-323,macrophage
4-324,epithelial
4-325,macrophage
4-326,T CD4 memory
4-327,mast
4-328,T CD4 naive
4-329,fibroblast
4-330,T CD8 memory
4-331,macrophage
4-332,neutrophil
4-333,NK
4-334,macrophage
4-335,macrophage
4-336,B-cell
4-337,neutrophil
4-338,neutrophil
4-339,T CD4 naive
4-340,B-cell
4-341,macrophage
4-342,neutrophil
4-343,mDC
4-344,T CD4 naive
4-345,NK
4-346,B-cell
4-347,mast
4-348,mDC
4-349,NK
4-350,T CD8 naive
4-351,monocyte
4-352,epithelial
4-353,mDC
4-354,mDC
4-355,T CD4 memory
4-356,fibroblast
4-357,endothelial
4-358,macrophage
4-359,B-cell
4-360,pDC
4-361,epithelial
4-362,macrophage
4-363,T CD4 naive
4-364,macrophage
4-365,endothelial
4-366,T CD4 naive
4-367,T CD8 naive
4-368,macrophage
4-369,fibroblast
4-370,fibroblast
4-371,B-cell
4-372,macrophage
4-373,T CD4 memory
4-374,B-cell
4-375,B-cell
4-376,T CD4 naive
4-377,mDC
4-378,macrophage
4-379,T CD4 naive
4-380,neutrophil
4-381,neutrophil
4-382,neutrophil
4-383,B-cell
4-384,monocyte
4-385,endothelial
4-386,mast
4-387,endothelial
4-388,endothelial
4-389,T CD4 naive
4-390,T CD4 memory
4-391,epithelial
4-392,epithelial
4-393,macrophage
4-394,monocyte
4-395,T CD4 naive
4-396,epithelial
4-397,fibroblast
4-398,neutrophil
4-399,endothelial
4-400,B-cell
4-401,epithelial
4-402,epithelial
4-403,neutrophil
4-404,monocyte
4-405,T CD4 naive
4-406,macrophage
4-407,NK
4-408,B-cell
4-409,mDC
4-410,T CD4 naive
4-411,B-cell
4-412,fibroblast
4-413,epithelial
4-414,T CD4 naive
4-415,mast
4-416,endothelial
4-417,epithelial
4-418,B-cell
4-419,macrophage
4-420,fibroblast
4-421,neutrophil
4-422,B-cell
4-423,B-cell
4-424,B-cell
4-425,macrophage
4-426,B-cell
4-427,T CD4 naive
4-428,T CD4 naive
4-429,epithelial
4-430,T CD8 naive
4-431,macrophage
4-432,epithelial
4-433,epithelial
4-434,mDC
4-435,epithelial
4-436,epithelial
4-437,endothelial
4-438,B-cell
4-439,B-cell
4-440,macrophage
4-441,epithelial
4-442,macrophage
4-443,macrophage
4-444,mast
4-445,B-cell
4-446,T CD4 naive
4-447,mast
4-448,mDC
4-449,B-cell
4-450,endothelial
4-452,epithelial
4-453,macrophage
4-454,T CD4 naive
4-455,T CD4 naive
4-456,NK
4-457,T CD8 naive
4-458,B-cell
4-459,mDC
4-461,B-cell
4-462,NK
4-463,epithelial
4-464,mDC
4-465,T CD4 naive
4-466,macrophage
4-467,macrophage
4-468,B-cell
4-469,B-cell
4-470,T CD4 naive
4-471,B-cell
4-472,B-cell
4-473,epithelial
4-474,neutrophil
4-475,neutrophil
4-476,endothelial
4-477,mDC
4-478,B-cell
4-479,B-cell
4-480,B-cell
4-481,macrophage
4-482,T CD8 naive
4-483,pDC
4-484,T CD4 naive
4-485,T CD8 naive
4-486,epithelial
4-487,macrophage
4-488,plasmablast
4-489,B-cell
4-490,B-cell
4-491,B-cell
4-492,T CD8 naive
4-493,neutrophil
4-494,epithelial
4-495,B-cell
4-496,mDC
4-497,epithelial
4-498,T CD4 naive
4-499,B-cell
4-500,B-cell
4-501,B-cell
4-502,mast
4-503,pDC
4-504,epithelial
4-505,neutrophil
4-506,macrophage
4-507,B-cell
4-508,endothelial
4-509,mDC
4-510,epithelial
4-511,T CD4 naive
4-512,B-cell
4-513,neutrophil
4-514,mast
4-515,neutrophil
4-516,fibroblast
4-517,B-cell
4-518,epithelial
4-519,B-cell
4-520,neutrophil
4-521,endothelial
4-522,B-cell
4-523,macrophage
4-524,T CD4 naive
4-525,macrophage
4-526,T CD4 naive
4-527,mDC
4-528,T CD4 naive
4-529,macrophage
4-530,B-cell
4-531,fibroblast
4-532,fibroblast
4-533,neutrophil
4-534,epithelial
4-535,pDC
4-536,pDC
4-537,B-cell
4-538,NK
4-539,neutrophil
4-540,epithelial
4-541,macrophage
4-542,endothelial
4-543,T CD4 naive
4-545,epithelial
4-546,B-cell
4-547,B-cell
4-548,endothelial
4-549,NK
4-550,mDC
4-551,mDC
4-552,epithelial
4-553,neutrophil
4-554,macrophage
4-555,neutrophil
4-556,macrophage
4-557,mDC
4-558,macrophage
4-559,mDC
4-560,epithelial
4-561,B-cell
4-562,fibroblast
4-563,mDC
4-564,neutrophil
4-565,mast
4-566,B-cell
4-567,macrophage
4-568,mDC
4-569,NK
4-570,T CD4 naive
4-571,mDC
4-572,endothelial
4-573,neutrophil
4-574,macrophage
4-575,B-cell
4-576,epithelial
4-577,B-cell
4-578,B-cell
4-579,mast
4-580,neutrophil
4-581,T CD4 naive
4-582,monocyte
4-583,B-cell
4-584,epithelial
4-585,T CD4 naive
4-586,macrophage
4-587,B-cell
4-588,T CD4 naive
4-589,fibroblast
4-590,T CD4 naive
4-591,neutrophil
4-592,macrophage
4-593,B-cell
4-594,endothelial
4-595,T CD4 naive
4-596,B-cell
4-597,endothelial
4-598,B-cell
4-599,mDC
4-600,neutrophil
4-601,NK
4-602,macrophage
4-603,endothelial
4-604,B-cell
4-605,macrophage
4-606,neutrophil
4-607,T CD4 memory
4-608,endothelial
4-609,B-cell
4-610,NK
4-611,T CD8 naive
4-612,B-cell
4-613,plasmablast
4-614,neutrophil
4-615,epithelial
4-616,fibroblast
4-617,mDC
4-618,B-cell
4-619,B-cell
4-620,pDC
4-621,mDC
4-622,plasmablast
4-623,neutrophil
4-624,B-cell
4-625,B-cell
4-626,T CD4 naive
4-627,B-cell
4-628,pDC
4-629,B-cell
4-630,plasmablast
4-631,neutrophil
4-632,epithelial
4-633,epithelial
4-634,macrophage
4-635,endothelial
4-636,B-cell
4-637,mDC
4-638,fibroblast
4-639,B-cell
4-640,macrophage
4-641,monocyte
4-642,epithelial
4-643,T CD4 naive
4-644,B-cell
4-645,monocyte
4-646,macrophage
4-647,fibroblast
4-648,epithelial
4-649,epithelial
4-650,neutrophil
4-651,pDC
4-652,endothelial
4-653,T CD4 naive
4-654,B-cell
4-655,neutrophil
4-656,fibroblast
4-657,mDC
4-658,pDC
4-659,fibroblast
4-660,neutrophil
4-661,T CD8 naive
4-662,macrophage
4-663,fibroblast
4-664,macrophage
4-665,neutrophil
4-666,neutrophil
4-667,epithelial
4-668,T CD4 naive
4-669,T CD8 naive
4-670,endothelial
4-671,epithelial
4-672,T CD4 naive
4-673,T CD4 naive
4-674,T CD4 naive
4-675,mDC
4-676,T CD4 naive
4-677,T CD4 naive
4-678,mDC
4-679,T CD4 naive
4-681,pDC
4-682,T CD4 naive
4-683,plasmablast
4-684,neutrophil
4-685,neutrophil
4-686,NK
4-687,T CD8 naive
4-688,plasmablast
4-689,NK
4-690,neutrophil
4-691,pDC
4-692,neutrophil
4-693,T CD4 naive
4-694,T CD4 naive
4-695,neutrophil
4-696,epithelial
4-697,macrophage
4-698,T CD4 naive
4-699,plasmablast
4-700,plasmablast
4-701,endothelial
4-702,B-cell
4-703,epithelial
4-704,B-cell
4-705,T CD4 naive
4-706,T CD4 naive
4-707,pDC
4-708,NK
4-709,T CD4 naive
4-710,mDC
4-711,macrophage
4-712,neutrophil
4-713,B-cell
4-714,neutrophil
4-715,mDC
4-716,macrophage
4-717,fibroblast
4-718,macrophage
4-719,NK
4-720,B-cell
4-721,monocyte
4-722,epithelial
4-723,T CD4 naive
4-724,monocyte
4-725,macrophage
4-726,mDC
4-727,T CD8 naive
4-728,B-cell
4-729,macrophage
4-730,plasmablast
4-731,B-cell
4-732,fibroblast
4-733,fibroblast
4-734,B-cell
4-735,mDC
4-736,B-cell
4-737,mDC
4-738,epithelial
4-739,neutrophil
4-740,B-cell
4-741,mDC
4-742,macrophage
4-743,B-cell
4-744,epithelial
4-745,macrophage
4-746,tumor
4-747,T CD4 naive
4-748,epithelial
4-749,neutrophil
4-750,NK
4-751,B-cell
4-752,epithelial
4-753,neutrophil
4-754,T CD4 naive
4-755,NK
4-756,mDC
4-757,epithelial
4-758,fibroblast
4-759,neutrophil
4-760,T CD8 naive
4-761,neutrophil
4-762,T CD4 naive
4-763,fibroblast
4-764,endothelial
4-765,T CD4 naive
4-766,macrophage
4-767,neutrophil
4-768,fibroblast
4-769,NK
4-770,B-cell
4-771,epithelial
4-772,T CD4 naive
4-773,neutrophil
4-774,mDC
4-775,macrophage
4-776,fibroblast
4-777,macrophage
4-778,T CD4 naive
4-779,fibroblast
4-780,B-cell
4-781,T CD8 naive
4-782,NK
4-783,epithelial
4-784,fibroblast
4-785,B-cell
4-786,B-cell
4-787,T CD8 naive
4-788,mDC
4-789,T CD4 naive
4-790,epithelial
4-791,epithelial
4-792,neutrophil
4-793,NK
4-794,T CD4 naive
4-795,NK
4-796,T CD8 naive
4-797,B-cell
4-798,T CD8 naive
4-799,B-cell
4-800,fibroblast
4-801,neutrophil
4-802,fibroblast
4-803,T CD8 naive
4-804,fibroblast
4-805,fibroblast
4-806,neutrophil
4-807,B-cell
4-808,B-cell
4-809,T CD8 naive
4-810,neutrophil
4-811,B-cell
4-812,B-cell
4-813,pDC
4-814,fibroblast
4-815,epithelial
4-816,T CD4 naive
4-817,pDC
4-818,T CD4 naive
4-819,plasmablast
4-820,epithelial
4-821,T CD4 naive
4-822,endothelial
4-823,mDC
4-824,fibroblast
4-825,macrophage
4-826,fibroblast
4-827,T CD4 naive
4-828,neutrophil
4-829,B-cell
4-830,B-cell
4-831,epithelial
4-832,macrophage
4-833,epithelial
4-834,neutrophil
4-835,mDC
4-836,NK
4-837,T CD8 naive
4-838,macrophage
4-839,monocyte
4-840,fibroblast
4-841,pDC
4-842,T CD4 memory
4-843,fibroblast
4-844,fibroblast
4-845,neutrophil
4-846,fibroblast
4-847,endothelial
4-848,neutrophil
4-849,neutrophil
4-850,B-cell
4-851,B-cell
4-852,fibroblast
4-853,macrophage
4-854,neutrophil
4-855,T CD4 naive
4-856,T CD8 naive
4-857,T CD8 naive
4-858,fibroblast
4-859,B-cell
4-860,pDC
4-861,T CD4 naive
4-862,B-cell
4-863,B-cell
4-864,mDC
4-865,tumor
4-866,B-cell
4-867,neutrophil
4-868,mDC
4-869,mDC
4-870,endothelial
4-871,fibroblast
4-872,macrophage
4-873,neutrophil
4-874,mast
4-875,macrophage
4-876,neutrophil
4-877,T CD4 naive
4-878,mast
4-879,B-cell
4-880,mDC
4-881,neutrophil
4-882,neutrophil
4-883,mDC
4-884,pDC
4-885,fibroblast
4-886,mDC
4-887,epithelial
4-888,mDC
4-889,fibroblast
4-890,epithelial
4-891,neutrophil
4-892,T CD4 naive
4-893,macrophage
4-894,epithelial
4-895,endothelial
4-896,macrophage
4-897,T CD4 naive
4-898,endothelial
4-899,mast
4-900,macrophage
4-901,mDC
4-902,T CD4 naive
4-903,tumor
4-904,NK
4-905,endothelial
4-906,neutrophil
4-907,B-cell
4-908,mDC
4-909,B-cell
4-910,fibroblast
4-911,T CD4 naive
4-912,epithelial
4-913,T CD4 naive
4-914,mast
4-915,neutrophil
4-916,T CD4 naive
4-917,endothelial
4-918,epithelial
4-919,macrophage
4-920,B-cell
4-921,epithelial
4-922,neutrophil
4-923,B-cell
4-924,fibroblast
4-925,fibroblast
4-926,T CD4 naive
4-927,neutrophil
4-928,T CD4 naive
4-929,T CD8 naive
4-930,mast
4-931,macrophage
4-932,B-cell
4-933,neutrophil
4-934,B-cell
4-935,mast
4-936,neutrophil
4-937,mDC
4-938,neutrophil
4-939,mDC
4-940,neutrophil
4-941,mDC
4-942,T CD8 naive
4-943,neutrophil
4-944,NK
4-945,epithelial
4-946,mDC
4-947,T CD4 memory
4-948,B-cell
4-949,macrophage
4-950,macrophage
4-951,macrophage
4-952,epithelial
4-953,B-cell
4-954,neutrophil
4-955,B-cell
4-956,macrophage
4-957,neutrophil
4-958,T CD4 naive
4-959,T CD4 naive
4-960,fibroblast
4-961,mDC
4-962,neutrophil
4-963,fibroblast
4-964,B-cell
4-965,tumor
4-966,endothelial
4-967,epithelial
4-968,fibroblast
4-969,epithelial
4-970,B-cell
4-971,monocyte
4-972,B-cell
4-973,B-cell
4-974,neutrophil
4-975,epithelial
4-976,B-cell
4-977,macrophage
4-978,B-cell
4-979,pDC
4-980,B-cell
4-981,macrophage
4-982,epithelial
4-983,T CD4 naive
4-984,pDC
4-985,macrophage
4-986,epithelial
4-987,B-cell
4-988,fibroblast
4-989,epithelial
4-990,endothelial
4-991,B-cell
4-992,macrophage
4-993,epithelial
4-994,B-cell
4-995,macrophage
4-996,endothelial
4-997,epithelial
4-999,T CD4 naive
4-1000,epithelial
4-1001,neutrophil
4-1002,mDC
4-1003,epithelial
4-1004,mDC
4-1005,epithelial
4-1006,mast
4-1007,endothelial
4-1008,epithelial
4-1009,mDC
4-1010,T CD8 naive
4-1011,fibroblast
4-1012,macrophage
4-1013,fibroblast
4-1014,macrophage
4-1015,macrophage
4-1016,B-cell
4-1017,B-cell
4-1018,fibroblast
4-1019,neutrophil
4-1020,endothelial
4-1021,epithelial
4-1022,T CD8 naive
4-1023,macrophage
4-1024,macrophage
4-1025,tumor
4-1026,endothelial
4-1027,macrophage
4-1028,mDC
4-1029,epithelial
4-1030,epithelial
4-1031,macrophage
4-1032,macrophage
4-1033,epithelial
4-1034,neutrophil
4-1035,T CD4 naive
4-1036,T CD4 naive
4-1037,T CD4 naive
4-1038,endothelial
4-1039,fibroblast
4-1040,macrophage
4-1041,epithelial
4-1042,B-cell
4-1043,neutrophil
4-1044,fibroblast
4-1045,monocyte
4-1046,NK
4-1047,T CD4 naive
4-1048,pDC
4-1049,NK
4-1050,endothelial
4-1051,B-cell
4-1052,T CD4 memory
4-1053,B-cell
4-1054,endothelial
4-1055,neutrophil
4-1056,neutrophil
4-1057,T CD4 naive
4-1058,neutrophil
4-1059,macrophage
4-1060,T CD4 naive
4-1061,B-cell
4-1062,macrophage
4-1063,T CD4 naive
4-1064,epithelial
4-1065,macrophage
4-1066,fibroblast
4-1067,mDC
4-1068,B-cell
4-1069,T CD4 naive
4-1070,tumor
4-1071,neutrophil
4-1072,B-cell
4-1073,macrophage
4-1074,macrophage
4-1075,neutrophil
4-1076,tumor
4-1077,endothelial
4-1078,mDC
4-1079,B-cell
4-1080,mDC
4-1081,NK
4-1082,plasmablast
4-1083,neutrophil
4-1084,tumor
4-1085,fibroblast
4-1086,fibroblast
4-1087,epithelial
4-1088,macrophage
4-1089,macrophage
4-1090,NK
4-1091,macrophage
4-1092,epithelial
4-1093,macrophage
4-1094,endothelial
4-1095,fibroblast
4-1096,NK
4-1097,epithelial
4-1098,mast
4-1099,epithelial
4-1100,endothelial
4-1101,neutrophil
4-1102,B-cell
4-1103,macrophage
4-1104,B-cell
4-1105,macrophage
4-1106,macrophage
4-1107,T CD8 naive
4-1108,endothelial
4-1109,T CD8 naive
4-1110,epithelial
4-1111,macrophage
4-1112,endothelial
4-1113,T CD4 memory
4-1114,epithelial
4-1115,B-cell
4-1116,epithelial
4-1117,fibroblast
4-1118,fibroblast
4-1119,B-cell
4-1120,endothelial
4-1121,fibroblast
4-1122,fibroblast
4-1123,NK
4-1124,B-cell
4-1125,B-cell
4-1126,B-cell
4-1127,macrophage
4-1128,fibroblast
4-1129,fibroblast
4-1130,tumor
4-1131,macrophage
4-1132,epithelial
4-1133,fibroblast
4-1134,endothelial
4-1135,macrophage
4-1136,macrophage
4-1137,B-cell
4-1138,epithelial
4-1139,plasmablast
4-1140,macrophage
4-1141,macrophage
4-1142,endothelial
4-1143,macrophage
4-1145,neutrophil
4-1146,T CD4 naive
4-1147,mast
4-1148,endothelial
4-1149,T CD4 naive
4-1150,endothelial
4-1151,neutrophil
4-1152,neutrophil
4-1153,B-cell
4-1154,macrophage
4-1155,B-cell
4-1156,fibroblast
4-1157,macrophage
4-1158,macrophage
4-1159,B-cell
4-1160,macrophage
4-1161,neutrophil
4-1162,neutrophil
4-1163,T CD4 naive
4-1164,epithelial
4-1165,neutrophil
4-1166,macrophage
4-1167,B-cell
4-1168,fibroblast
4-1169,fibroblast
4-1170,NK
4-1171,mDC
4-1172,T CD4 naive
4-1173,monocyte
4-1174,T CD4 naive
4-1175,B-cell
4-1176,epithelial
4-1177,mDC
4-1178,macrophage
4-1179,B-cell
4-1180,B-cell
4-1181,monocyte
4-1182,macrophage
4-1183,macrophage
4-1184,mDC
4-1185,mDC
4-1186,B-cell
4-1187,endothelial
4-1188,epithelial
4-1189,fibroblast
4-1190,mDC
4-1191,epithelial
4-1192,monocyte
4-1193,NK
4-1194,neutrophil
4-1195,epithelial
4-1196,fibroblast
4-1197,mDC
4-1198,macrophage
4-1199,tumor
4-1200,B-cell
4-1201,fibroblast
4-1202,mDC
4-1203,mDC
4-1204,B-cell
4-1205,T CD4 memory
4-1206,T CD4 naive
4-1207,neutrophil
4-1208,neutrophil
4-1209,neutrophil
4-1210,T CD4 naive
4-1211,monocyte
4-1212,neutrophil
4-1213,mDC
4-1214,plasmablast
4-1215,endothelial
4-1216,epithelial
4-1217,mast
4-1218,epithelial
4-1219,macrophage
4-1220,neutrophil
4-1221,epithelial
4-1222,macrophage
4-1223,T CD4 naive
4-1224,T CD4 naive
4-1225,neutrophil
4-1226,neutrophil
4-1227,T CD4 naive
4-1228,endothelial
4-1229,macrophage
4-1230,neutrophil
4-1231,neutrophil
4-1232,epithelial
4-1233,neutrophil
4-1234,B-cell
4-1235,macrophage
4-1236,mDC
4-1237,neutrophil
4-1238,endothelial
4-1239,T CD4 naive
4-1240,T CD4 naive
4-1241,T CD4 naive
4-1242,fibroblast
4-1243,T CD4 naive
4-1244,epithelial
4-1245,tumor
4-1246,tumor
4-1247,fibroblast
4-1248,endothelial
4-1249,mDC
4-1250,endothelial
4-1251,T CD4 naive
4-1252,endothelial
4-1253,pDC
4-1254,macrophage
4-1255,macrophage
4-1256,endothelial
4-1257,T CD4 naive
4-1258,neutrophil
4-1259,neutrophil
4-1260,epithelial
4-1261,B-cell
4-1262,mDC
4-1263,neutrophil
4-1264,epithelial
4-1265,NK
4-1266,epithelial
4-1267,NK
4-1268,epithelial
4-1269,B-cell
4-1270,macrophage
4-1271,macrophage
4-1272,epithelial
4-1273,mDC
4-1274,T CD8 naive
4-1275,endothelial
4-1276,endothelial
4-1277,neutrophil
4-1278,macrophage
4-1279,NK
4-1280,epithelial
4-1281,T CD4 naive
4-1282,neutrophil
4-1283,monocyte
4-1284,T CD4 naive
4-1285,T CD4 naive
4-1286,macrophage
4-1287,neutrophil
4-1288,B-cell
4-1289,neutrophil
4-1290,macrophage
4-1291,T CD4 naive
4-1292,epithelial
4-1293,T CD4 naive
4-1294,macrophage
4-1295,neutrophil
4-1296,epithelial
4-1297,epithelial
4-1298,tumor
4-1299,epithelial
4-1300,T CD4 naive
4-1301,fibroblast
4-1302,macrophage
4-1303,B-cell
4-1304,T CD4 naive
4-1305,endothelial
4-1306,T CD4 naive
4-1307,macrophage
4-1308,fibroblast
4-1309,mast
4-1310,macrophage
4-1311,epithelial
4-1312,mast
4-1313,B-cell
4-1314,macrophage
4-1315,mDC
4-1316,NK
4-1317,macrophage
4-1318,neutrophil
4-1319,T CD4 naive
4-1320,neutrophil
4-1321,neutrophil
4-1322,endothelial
4-1323,fibroblast
4-1324,epithelial
4-1325,epithelial
4-1326,B-cell
4-1327,T CD4 naive
4-1328,neutrophil
4-1329,T CD4 naive
4-1330,NK
4-1331,fibroblast
4-1332,macrophage
4-1333,neutrophil
4-1334,neutrophil
4-1335,fibroblast
4-1336,tumor
4-1337,mDC
4-1338,neutrophil
4-1339,fibroblast
4-1340,tumor
4-1341,macrophage
4-1342,neutrophil
4-1343,T CD4 naive
4-1344,neutrophil
4-1345,NK
4-1346,epithelial
4-1347,epithelial
4-1348,macrophage
4-1349,tumor
4-1350,epithelial
4-1351,endothelial
4-1352,B-cell
4-1353,endothelial
4-1354,B-cell
4-1355,endothelial
4-1356,mast
4-1357,B-cell
4-1358,neutrophil
4-1359,endothelial
4-1360,endothelial
4-1361,macrophage
4-1362,epithelial
4-1363,endothelial
4-1364,tumor
4-1365,tumor
4-1366,macrophage
4-1367,B-cell
4-1368,fibroblast
4-1369,epithelial
4-1370,endothelial
4-1371,fibroblast
4-1372,mDC
4-1373,mDC
4-1374,neutrophil
4-1375,epithelial
4-1376,epithelial
4-1377,neutrophil
4-1378,neutrophil
4-1379,NK
4-1380,epithelial
4-1381,mast
4-1382,T CD8 naive
4-1383,neutrophil
4-1384,fibroblast
4-1385,fibroblast
4-1386,epithelial
4-1387,neutrophil
4-1388,tumor
4-1389,epithelial
4-1390,endothelial
4-1391,tumor
4-1392,epithelial
4-1393,neutrophil
4-1394,monocyte
4-1395,macrophage
4-1396,epithelial
4-1397,endothelial
4-1398,epithelial
4-1399,endothelial
4-1400,neutrophil
4-1401,T CD4 memory
4-1402,endothelial
4-1403,neutrophil
4-1404,epithelial
4-1405,epithelial
4-1406,macrophage
4-1407,tumor
4-1408,fibroblast
4-1409,NK
4-1410,fibroblast
4-1411,epithelial
4-1412,epithelial
4-1413,epithelial
4-1414,endothelial
4-1415,T CD4 naive
4-1416,NK
4-1417,T CD8 naive
4-1418,endothelial
4-1419,fibroblast
4-1420,tumor
4-1421,neutrophil
4-1422,mDC
4-1423,endothelial
4-1424,neutrophil
4-1425,endothelial
4-1426,plasmablast
4-1427,endothelial
4-1428,endothelial
4-1429,epithelial
4-1430,epithelial
4-1431,fibroblast
4-1432,tumor
4-1433,mast
4-1434,macrophage
4-1435,macrophage
4-1436,neutrophil
4-1437,epithelial
4-1438,neutrophil
4-1439,monocyte
4-1440,neutrophil
4-1441,endothelial
4-1442,neutrophil
4-1443,endothelial
4-1444,mast
4-1445,neutrophil
4-1446,macrophage
4-1447,macrophage
4-1448,macrophage
4-1449,tumor
4-1450,tumor
4-1451,neutrophil
4-1452,epithelial
4-1453,fibroblast
4-1454,epithelial
4-1455,epithelial
4-1456,mDC
4-1457,epithelial
4-1458,macrophage
4-1459,pDC
4-1460,NK
4-1461,neutrophil
4-1462,tumor
4-1463,macrophage
4-1464,neutrophil
4-1465,mast
4-1466,macrophage
4-1467,macrophage
4-1468,tumor
4-1469,neutrophil
4-1470,epithelial
4-1471,tumor
4-1472,tumor
4-1473,epithelial
4-1474,fibroblast
4-1475,macrophage
4-1476,epithelial
4-1477,macrophage
4-1478,tumor
4-1479,neutrophil
4-1480,mDC
4-1481,tumor
4-1482,endothelial
4-1483,endothelial
4-1484,macrophage
4-1485,epithelial
4-1486,mDC
4-1487,macrophage
4-1488,epithelial
4-1489,tumor
4-1490,neutrophil
4-1491,fibroblast
4-1492,macrophage
4-1493,neutrophil
4-1494,epithelial
4-1495,fibroblast
4-1496,epithelial
4-1497,macrophage
4-1498,macrophage
4-1499,pDC
4-1500,plasmablast
4-1501,epithelial
4-1502,epithelial
4-1503,tumor
4-1504,neutrophil
4-1505,mDC
4-1506,macrophage
4-1507,tumor
4-1508,neutrophil
4-1509,epithelial
4-1510,neutrophil
4-1511,epithelial
4-1512,mDC
4-1513,macrophage
4-1514,tumor
4-1515,macrophage
4-1516,neutrophil
4-1517,tumor
4-1518,macrophage
4-1519,macrophage
4-1520,endothelial
4-1521,epithelial
4-1522,fibroblast
4-1523,mast
4-1524,tumor
4-1525,tumor
4-1526,tumor
4-1527,fibroblast
4-1528,neutrophil
4-1529,tumor
4-1530,neutrophil
4-1531,macrophage
4-1532,epithelial
4-1533,endothelial
4-1534,macrophage
4-1535,neutrophil
4-1536,mDC
4-1537,neutrophil
4-1538,neutrophil
4-1539,neutrophil
4-1540,macrophage
4-1541,tumor
4-1542,T CD4 naive
4-1543,neutrophil
4-1544,tumor
4-1545,tumor
4-1546,tumor
4-1547,macrophage
4-1548,tumor
4-1549,macrophage
4-1550,epithelial
4-1551,epithelial
4-1552,monocyte
4-1553,epithelial
4-1554,tumor
4-1555,macrophage
4-1556,macrophage
4-1557,tumor
4-1558,macrophage
4-1559,fibroblast
4-1560,macrophage
4-1561,epithelial
4-1562,tumor
4-1563,T CD4 naive
4-1564,tumor
4-1565,mast
4-1566,neutrophil
4-1567,macrophage
4-1568,tumor
4-1569,neutrophil
4-1570,neutrophil
4-1571,neutrophil
4-1572,tumor
4-1573,neutrophil
4-1574,neutrophil
4-1575,macrophage
4-1576,macrophage
4-1577,endothelial
4-1578,neutrophil
4-1579,neutrophil
4-1580,tumor
4-1581,fibroblast
4-1582,mast
4-1583,macrophage
4-1584,tumor
4-1585,epithelial
4-1586,tumor
4-1587,tumor
4-1588,neutrophil
4-1589,B-cell
4-1590,B-cell
4-1591,mDC
4-1592,NK
4-1593,fibroblast
4-1594,pDC
4-1595,tumor
4-1596,macrophage
4-1597,macrophage
4-1598,neutrophil
4-1599,macrophage
4-1600,neutrophil
4-1601,neutrophil
4-1602,macrophage
4-1603,neutrophil
4-1605,neutrophil
4-1606,neutrophil
4-1607,tumor
4-1608,neutrophil
4-1609,macrophage
4-1610,tumor
4-1611,endothelial
4-1612,neutrophil
4-1613,macrophage
4-1614,tumor
4-1615,macrophage
4-1616,neutrophil
4-1617,monocyte
4-1618,mast
4-1619,macrophage
4-1620,tumor
4-1621,neutrophil
4-1622,neutrophil
4-1623,macrophage
4-1624,tumor
4-1625,tumor
4-1626,NK
4-1627,neutrophil
4-1628,plasmablast
4-1629,T CD4 naive
4-1630,endothelial
4-1631,macrophage
4-1632,monocyte
4-1633,tumor
4-1634,neutrophil
4-1635,macrophage
4-1636,tumor
4-1637,macrophage
4-1638,macrophage
4-1639,tumor
4-1640,neutrophil
4-1641,fibroblast
4-1642,tumor
4-1643,neutrophil
4-1644,plasmablast
4-1645,macrophage
4-1646,macrophage
4-1647,neutrophil
4-1648,macrophage
4-1649,fibroblast
4-1650,tumor
4-1651,neutrophil
4-1652,macrophage
4-1653,tumor
4-1654,tumor
4-1655,epithelial
4-1656,macrophage
4-1657,tumor
4-1658,macrophage
4-1659,neutrophil
4-1661,macrophage
4-1662,B-cell
4-1663,macrophage
4-1664,neutrophil
4-1665,neutrophil
4-1666,neutrophil
4-1667,macrophage
4-1668,tumor
4-1669,neutrophil
4-1670,neutrophil
4-1671,macrophage
4-1672,macrophage
4-1673,macrophage
4-1674,tumor
4-1675,fibroblast
4-1676,tumor
4-1677,tumor
4-1678,tumor
4-1679,tumor
4-1680,fibroblast
4-1681,mDC
4-1682,epithelial
4-1683,tumor
4-1684,epithelial
4-1685,plasmablast
4-1686,tumor
4-1687,fibroblast
4-1688,macrophage
4-1689,plasmablast
4-1690,macrophage
4-1691,neutrophil
4-1692,macrophage
4-1693,fibroblast
4-1694,neutrophil
4-1695,neutrophil
4-1696,neutrophil
4-1697,macrophage
4-1698,tumor
4-1699,macrophage
4-1700,macrophage
4-1701,plasmablast
4-1702,macrophage
4-1703,epithelial
4-1704,macrophage
4-1705,plasmablast
4-1706,epithelial
4-1707,plasmablast
4-1708,fibroblast
4-1709,mDC
4-1710,mast
4-1711,macrophage
4-1712,T CD4 naive
4-1713,tumor
4-1714,epithelial
4-1715,neutrophil
4-1716,neutrophil
4-1717,tumor
4-1718,neutrophil
4-1719,tumor
4-1720,tumor
4-1721,tumor
4-1722,neutrophil
4-1723,fibroblast
4-1724,plasmablast
4-1725,pDC
4-1726,macrophage
4-1727,mast
4-1728,macrophage
4-1729,neutrophil
4-1730,pDC
4-1731,macrophage
4-1732,macrophage
4-1733,tumor
4-1734,tumor
4-1735,macrophage
4-1736,neutrophil
4-1737,macrophage
4-1738,mast
4-1739,macrophage
4-1740,epithelial
4-1741,B-cell
4-1742,neutrophil
4-1743,neutrophil
4-1744,endothelial
4-1745,T CD4 naive
4-1746,fibroblast
4-1747,neutrophil
4-1748,neutrophil
4-1749,fibroblast
4-1750,macrophage
4-1751,neutrophil
4-1752,tumor
4-1753,tumor
4-1754,tumor
4-1755,neutrophil
4-1756,macrophage
4-1757,plasmablast
4-1758,tumor
4-1759,tumor
4-1760,tumor
4-1761,plasmablast
4-1762,macrophage
4-1763,B-cell
4-1764,macrophage
4-1765,tumor
4-1766,neutrophil
4-1767,NK
4-1768,endothelial
4-1769,tumor
4-1770,endothelial
4-1771,macrophage
4-1772,macrophage
4-1773,macrophage
4-1774,macrophage
4-1775,epithelial
4-1776,fibroblast
4-1777,NK
4-1778,tumor
4-1779,macrophage
4-1780,macrophage
4-1781,neutrophil
4-1782,neutrophil
4-1783,macrophage
4-1784,macrophage
4-1785,tumor
4-1786,macrophage
4-1787,neutrophil
4-1788,tumor
4-1789,T CD4 naive
4-1790,fibroblast
4-1791,fibroblast
4-1792,macrophage
4-1793,endothelial
4-1794,macrophage
4-1795,macrophage
4-1796,tumor
4-1797,fibroblast
4-1798,neutrophil
4-1799,epithelial
4-1800,mDC
4-1801,macrophage
4-1802,endothelial
4-1803,fibroblast
4-1804,macrophage
4-1805,mDC
4-1806,fibroblast
4-1807,tumor
4-1808,endothelial
4-1810,tumor
4-1811,tumor
4-1812,macrophage
4-1813,fibroblast
4-1814,tumor
4-1815,mDC
4-1816,fibroblast
4-1817,tumor
4-1818,neutrophil
4-1819,macrophage
4-1820,macrophage
4-1821,tumor
4-1822,monocyte
4-1823,tumor
4-1824,fibroblast
4-1825,tumor
4-1826,macrophage
4-1827,epithelial
4-1828,tumor
4-1829,macrophage
4-1830,fibroblast
4-1831,T CD4 naive
4-1832,epithelial
4-1833,macrophage
4-1834,neutrophil
4-1835,neutrophil
4-1836,macrophage
4-1837,fibroblast
4-1838,macrophage
4-1839,tumor
4-1840,tumor
4-1841,macrophage
4-1842,macrophage
4-1843,macrophage
4-1844,plasmablast
4-1845,plasmablast
4-1846,epithelial
4-1847,fibroblast
4-1848,plasmablast
4-1849,tumor
4-1850,macrophage
4-1851,macrophage
4-1852,tumor
4-1853,tumor
4-1854,fibroblast
4-1855,endothelial
4-1856,neutrophil
4-1857,macrophage
4-1858,neutrophil
4-1859,macrophage
4-1860,neutrophil
4-1861,endothelial
4-1862,monocyte
4-1863,macrophage
4-1864,endothelial
4-1865,tumor
4-1866,macrophage
4-1867,fibroblast
4-1868,fibroblast
4-1869,tumor
4-1870,NK
4-1871,NK
4-1872,macrophage
4-1873,tumor
4-1874,neutrophil
4-1875,tumor
4-1876,macrophage
4-1877,fibroblast
4-1878,macrophage
4-1879,tumor
4-1880,mast
4-1881,macrophage
4-1882,neutrophil
4-1883,neutrophil
4-1884,endothelial
4-1885,neutrophil
4-1886,macrophage
4-1887,macrophage
4-1888,neutrophil
4-1889,tumor
4-1890,tumor
4-1891,neutrophil
4-1892,T CD8 naive
4-1893,macrophage
4-1894,macrophage
4-1895,epithelial
4-1896,neutrophil
4-1897,neutrophil
4-1898,neutrophil
4-1899,T CD4 naive
4-1900,macrophage
4-1901,endothelial
4-1902,endothelial
4-1903,neutrophil
4-1904,tumor
4-1905,macrophage
4-1906,macrophage
4-1907,tumor
4-1908,epithelial
4-1909,endothelial
4-1910,macrophage
4-1911,macrophage
4-1912,T CD4 naive
4-1913,epithelial
4-1914,tumor
4-1915,endothelial
4-1916,macrophage
4-1917,neutrophil
4-1918,neutrophil
4-1919,epithelial
4-1920,endothelial
4-1921,tumor
4-1922,tumor
4-1923,macrophage
4-1924,tumor
4-1925,mast
4-1926,neutrophil
4-1927,macrophage
4-1928,tumor
4-1929,fibroblast
4-1930,macrophage
4-1931,tumor
4-1932,macrophage
4-1933,mDC
4-1934,tumor
4-1935,tumor
4-1936,macrophage
4-1937,endothelial
4-1938,macrophage
4-1939,mDC
4-1940,fibroblast
4-1941,macrophage
4-1942,tumor
4-1943,tumor
4-1944,tumor
4-1945,tumor
4-1946,T CD8 naive
4-1947,monocyte
4-1948,neutrophil
4-1949,macrophage
4-1950,macrophage
4-1952,tumor
4-1953,macrophage
4-1954,tumor
4-1955,mDC
4-1956,T CD8 naive
4-1957,tumor
4-1958,macrophage
4-1959,T CD4 naive
4-1960,neutrophil
4-1961,macrophage
4-1962,neutrophil
4-1963,mDC
4-1964,neutrophil
4-1965,tumor
4-1966,tumor
4-1967,tumor
4-1968,tumor
4-1969,epithelial
4-1970,epithelial
4-1971,macrophage
4-1972,tumor
4-1973,fibroblast
4-1974,macrophage
4-1975,tumor
4-1976,macrophage
4-1977,epithelial
4-1978,tumor
4-1979,fibroblast
4-1980,neutrophil
4-1981,neutrophil
4-1982,monocyte
4-1983,mDC
4-1984,macrophage
4-1985,macrophage
4-1986,tumor
4-1987,fibroblast
4-1988,tumor
4-1989,tumor
4-1990,tumor
4-1991,fibroblast
4-1992,tumor
4-1993,NK
4-1994,tumor
4-1995,tumor
4-1996,macrophage
4-1997,tumor
4-1998,mast
4-1999,neutrophil
4-2000,macrophage
4-2001,tumor
4-2002,neutrophil
4-2003,tumor
4-2004,macrophage
4-2005,T CD4 naive
4-2006,endothelial
4-2007,tumor
4-2008,tumor
4-2009,endothelial
4-2010,fibroblast
4-2011,macrophage
4-2012,macrophage
4-2013,tumor
4-2014,endothelial
4-2015,tumor
4-2016,tumor
4-2017,epithelial
4-2018,tumor
4-2019,neutrophil
4-2020,tumor
4-2021,tumor
4-2022,tumor
4-2023,neutrophil
4-2024,epithelial
4-2025,T CD4 naive
4-2026,mast
4-2027,tumor
4-2028,tumor
4-2029,neutrophil
4-2030,macrophage
4-2031,tumor
4-2032,endothelial
4-2033,epithelial
4-2034,macrophage
4-2035,epithelial
4-2036,tumor
4-2037,tumor
4-2038,tumor
4-2039,tumor
4-2040,tumor
4-2041,neutrophil
4-2042,tumor
4-2043,epithelial
4-2044,tumor
4-2045,tumor
4-2046,macrophage
4-2047,NK
4-2048,epithelial
4-2049,tumor
4-2050,neutrophil
4-2051,tumor
4-2052,T CD4 naive
4-2053,macrophage
4-2054,neutrophil
4-2055,tumor
4-2056,tumor
4-2057,tumor
4-2058,tumor
4-2059,tumor
4-2060,macrophage
4-2061,tumor
4-2062,tumor
4-2063,tumor
4-2064,tumor
4-2065,mast
4-2066,tumor
4-2067,tumor
4-2068,neutrophil
4-2069,tumor
4-2070,epithelial
4-2071,fibroblast
4-2072,neutrophil
4-2073,tumor
4-2074,fibroblast
4-2075,neutrophil
4-2076,epithelial
4-2077,T CD4 naive
4-2078,tumor
4-2079,neutrophil
4-2080,tumor
4-2081,neutrophil
4-2082,mast
4-2083,tumor
4-2084,neutrophil
4-2085,tumor
4-2086,macrophage
4-2087,tumor
4-2088,tumor
4-2089,T CD4 naive
4-2090,tumor
4-2091,tumor
4-2092,tumor
4-2093,neutrophil
4-2094,epithelial
4-2095,tumor
4-2096,neutrophil
4-2097,epithelial
4-2098,tumor
4-2099,neutrophil
4-2100,neutrophil
4-2101,neutrophil
4-2102,endothelial
4-2103,tumor
4-2104,tumor
4-2105,tumor
4-2106,tumor
4-2107,tumor
4-2108,fibroblast
4-2109,neutrophil
4-2110,tumor
4-2111,tumor
4-2112,neutrophil
4-2113,neutrophil
4-2114,tumor
4-2115,neutrophil
4-2116,tumor
4-2117,tumor
4-2118,tumor
4-2119,tumor
4-2120,macrophage
4-2121,tumor
4-2122,tumor
4-2123,tumor
4-2124,tumor
4-2125,tumor
4-2126,tumor
4-2127,tumor
4-2128,T CD8 naive
4-2129,neutrophil
4-2130,tumor
4-2131,tumor
4-2132,macrophage
4-2133,tumor
4-2134,tumor
4-2135,tumor
4-2136,tumor
4-2137,epithelial
4-2138,tumor
4-2139,tumor
4-2140,endothelial
4-2141,neutrophil
4-2142,tumor
4-2143,tumor
4-2144,tumor
4-2145,tumor
4-2146,tumor
4-2147,endothelial
4-2148,neutrophil
4-2149,mDC
4-2150,tumor
4-2151,macrophage
4-2152,epithelial
4-2153,tumor
4-2154,tumor
4-2155,tumor
4-2156,epithelial
4-2157,tumor
4-2158,tumor
4-2159,tumor
4-2160,tumor
4-2161,tumor
4-2162,epithelial
4-2163,tumor
4-2164,tumor
4-2165,tumor
4-2166,tumor
4-2167,endothelial
4-2168,mDC
4-2169,tumor
4-2170,tumor
4-2171,tumor
4-2172,tumor
4-2173,tumor
4-2174,tumor
4-2175,tumor
4-2176,tumor
4-2177,tumor
4-2178,tumor
4-2179,tumor
4-2180,endothelial
4-2181,tumor
4-2182,NK
4-2183,NK
4-2184,tumor
4-2185,tumor
4-2186,tumor
4-2187,tumor
4-2188,fibroblast
4-2189,neutrophil
4-2190,tumor
4-2191,neutrophil
4-2192,tumor
4-2193,tumor
4-2194,tumor
4-2195,tumor
4-2196,tumor
4-2197,tumor
4-2198,endothelial
4-2199,tumor
4-2200,tumor
4-2201,NK
4-2202,tumor
4-2203,tumor
4-2204,macrophage
4-2205,tumor
4-2206,neutrophil
4-2207,endothelial
4-2208,tumor
4-2209,tumor
4-2210,tumor
4-2211,tumor
4-2212,epithelial
4-2213,endothelial
4-2214,fibroblast
4-2215,tumor
4-2216,tumor
4-2217,tumor
4-2218,epithelial
4-2219,endothelial
4-2220,tumor
4-2221,tumor
4-2222,endothelial
4-2223,tumor
4-2224,fibroblast
4-2225,endothelial
4-2226,tumor
4-2227,tumor
4-2228,tumor
4-2229,tumor
4-2230,tumor
4-2231,tumor
4-2232,tumor
4-2233,tumor
4-2234,endothelial
4-2235,tumor
4-2236,tumor
4-2237,macrophage
4-2238,tumor
4-2239,tumor
4-2240,epithelial
4-2241,neutrophil
4-2242,tumor
4-2243,tumor
4-2244,tumor
4-2245,neutrophil
4-2246,tumor
4-2247,tumor
4-2248,tumor
4-2249,tumor
4-2250,tumor
4-2251,tumor
4-2252,macrophage
4-2253,tumor
4-2254,tumor
4-2255,neutrophil
4-2256,tumor
4-2257,tumor
4-2258,tumor
4-2259,tumor
4-2260,neutrophil
4-2261,tumor
4-2262,tumor
4-2263,tumor
4-2264,tumor
4-2265,tumor
4-2266,tumor
4-2267,mDC
4-2268,macrophage
4-2269,tumor
4-2270,tumor
4-2271,macrophage
4-2272,tumor
4-2273,tumor
4-2274,endothelial
4-2275,tumor
4-2276,tumor
4-2277,tumor
4-2278,tumor
4-2279,tumor
4-2280,neutrophil
4-2281,tumor
4-2282,tumor
4-2283,mast
4-2284,neutrophil
4-2285,NK
4-2286,tumor
4-2287,tumor
4-2288,neutrophil
4-2289,tumor
4-2290,epithelial
4-2291,tumor
4-2292,tumor
4-2293,tumor
4-2294,tumor
4-2295,tumor
4-2296,tumor
4-2297,tumor
4-2298,tumor
4-2299,tumor
4-2300,tumor
4-2301,tumor
4-2302,tumor
4-2303,tumor
4-2304,tumor
4-2305,neutrophil
4-2306,macrophage
4-2307,tumor
4-2308,tumor
4-2309,endothelial
4-2310,tumor
4-2311,NK
4-2312,macrophage
4-2313,tumor
4-2314,tumor
4-2315,tumor
4-2316,tumor
4-2317,tumor
4-2318,tumor
4-2319,tumor
4-2320,neutrophil
4-2321,neutrophil
4-2322,tumor
4-2323,tumor
4-2324,neutrophil
4-2325,tumor
4-2326,fibroblast
4-2327,tumor
4-2328,epithelial
4-2329,tumor
4-2330,tumor
4-2331,mast
4-2332,macrophage
4-2333,tumor
4-2334,tumor
4-2336,tumor
4-2337,tumor
4-2338,tumor
4-2339,mast
4-2340,tumor
4-2341,neutrophil
4-2342,tumor
4-2343,epithelial
4-2344,tumor
4-2345,tumor
4-2346,tumor
4-2347,tumor
4-2348,plasmablast
4-2349,tumor
4-2350,tumor
4-2351,tumor
4-2352,tumor
4-2353,tumor
4-2354,tumor
4-2355,tumor
4-2356,tumor
4-2357,tumor
4-2358,macrophage
4-2359,tumor
4-2360,epithelial
4-2361,tumor
4-2362,tumor
4-2363,T CD4 naive
4-2364,tumor
4-2365,tumor
4-2366,tumor
4-2367,tumor
4-2368,epithelial
4-2369,tumor
4-2370,endothelial
4-2371,tumor
4-2372,tumor
4-2373,tumor
4-2374,tumor
4-2375,macrophage
4-2376,tumor
4-2377,tumor
4-2378,tumor
4-2379,macrophage
4-2380,endothelial
4-2381,tumor
4-2382,tumor
4-2383,NK
4-2384,endothelial
4-2385,tumor
4-2386,tumor
4-2387,tumor
4-2388,tumor
4-2389,neutrophil
4-2391,tumor
4-2392,tumor
4-2393,mDC
4-2394,neutrophil
4-2395,tumor
4-2396,tumor
4-2397,tumor
4-2398,macrophage
4-2399,tumor
4-2400,tumor
4-2401,tumor
4-2402,tumor
4-2403,endothelial
4-2404,tumor
4-2405,tumor
4-2406,macrophage
4-2407,neutrophil
4-2408,tumor
4-2409,tumor
4-2410,tumor
4-2411,macrophage
4-2412,fibroblast
4-2413,tumor
4-2414,endothelial
4-2415,tumor
4-2416,tumor
4-2417,tumor
4-2418,tumor
4-2419,macrophage
4-2420,neutrophil
4-2421,fibroblast
4-2422,fibroblast
4-2423,tumor
4-2424,mast
4-2425,tumor
4-2426,epithelial
4-2427,epithelial
4-2428,endothelial
4-2429,tumor
4-2430,fibroblast
4-2431,endothelial
4-2432,neutrophil
4-2433,mDC
4-2434,macrophage
4-2435,macrophage
4-2436,neutrophil
4-2437,neutrophil
4-2438,tumor
4-2439,tumor
4-2440,mast
4-2441,fibroblast
4-2442,tumor
4-2443,tumor
4-2444,fibroblast
4-2445,mast
4-2446,neutrophil
4-2447,tumor
4-2448,tumor
4-2449,tumor
4-2450,monocyte
4-2451,tumor
4-2452,mast
4-2453,neutrophil
4-2454,tumor
4-2455,fibroblast
4-2456,neutrophil
4-2457,endothelial
4-2458,mast
4-2459,fibroblast
4-2460,macrophage
4-2461,tumor
4-2462,fibroblast
4-2463,endothelial
4-2464,tumor
4-2465,epithelial
4-2466,tumor
4-2467,tumor
4-2468,mast
4-2469,tumor
4-2470,tumor
4-2471,tumor
4-2472,tumor
4-2473,mast
4-2475,fibroblast
4-2476,endothelial
4-2477,mast
4-2478,tumor
4-2479,neutrophil
4-2480,macrophage
4-2481,fibroblast
4-2482,endothelial
4-2483,epithelial
4-2484,tumor
4-2485,tumor
4-2486,neutrophil
4-2487,NK
4-2488,fibroblast
4-2489,tumor
4-2490,tumor
4-2491,macrophage
4-2492,fibroblast
4-2493,tumor
4-2494,tumor
4-2495,neutrophil
4-2496,mDC
4-2498,neutrophil
4-2499,fibroblast
4-2500,tumor
4-2501,neutrophil
4-2502,neutrophil
4-2503,macrophage
4-2504,neutrophil
4-2505,tumor
4-2506,tumor
4-2507,endothelial
4-2508,tumor
4-2509,tumor
4-2510,neutrophil
4-2511,tumor
4-2512,tumor
4-2513,neutrophil
4-2514,tumor
4-2515,macrophage
4-2516,epithelial
4-2517,mast
4-2518,mDC
4-2519,tumor
4-2520,macrophage
4-2521,epithelial
4-2522,neutrophil
4-2523,NK
4-2524,tumor
4-2525,neutrophil
4-2526,endothelial
4-2527,fibroblast
4-2528,tumor
4-2529,neutrophil
4-2530,macrophage
4-2531,tumor
4-2532,fibroblast
4-2533,tumor
4-2534,tumor
4-2535,macrophage
4-2536,fibroblast
4-2537,tumor
4-2538,tumor
4-2539,neutrophil
4-2540,macrophage
4-2541,epithelial
4-2543,tumor
4-2544,epithelial
4-2545,tumor
4-2546,tumor
4-2547,tumor
4-2548,neutrophil
4-2549,neutrophil
4-2550,neutrophil
4-2551,tumor
4-2552,fibroblast
4-2553,tumor
4-2554,neutrophil
4-2555,tumor
4-2556,epithelial
4-2557,macrophage
4-2558,mast
4-2559,tumor
4-2560,tumor
4-2561,tumor
4-2562,neutrophil
4-2563,NK
4-2564,tumor
4-2565,neutrophil
4-2566,fibroblast
4-2567,tumor
4-2568,tumor
4-2569,fibroblast
4-2570,fibroblast
4-2571,tumor
4-2572,macrophage
4-2573,neutrophil
4-2574,tumor
4-2575,endothelial
4-2576,neutrophil
4-2577,tumor
4-2578,fibroblast
4-2579,tumor
4-2580,epithelial
4-2581,endothelial
4-2582,fibroblast
4-2583,tumor
4-2584,epithelial
4-2585,fibroblast
4-2586,tumor
4-2587,neutrophil
4-2588,tumor
4-2589,tumor
4-2590,epithelial
4-2591,neutrophil
4-2592,tumor
4-2593,macrophage
4-2594,endothelial
4-2595,tumor
4-2596,endothelial
4-2597,tumor
4-2598,macrophage
4-2599,tumor
4-2600,fibroblast
4-2601,fibroblast
4-2602,endothelial
4-2603,monocyte
4-2604,fibroblast
4-2605,tumor
4-2606,tumor
4-2608,fibroblast
4-2609,mDC
4-2610,tumor
4-2611,neutrophil
4-2612,neutrophil
4-2613,tumor
4-2614,tumor
4-2615,tumor
4-2616,tumor
4-2617,endothelial
4-2618,macrophage
4-2619,tumor
4-2620,tumor
4-2622,mast
4-2623,tumor
4-2624,endothelial
4-2625,neutrophil
4-2626,endothelial
4-2627,mast
4-2628,tumor
4-2629,tumor
4-2630,tumor
4-2631,neutrophil
4-2632,tumor
4-2634,tumor
4-2635,tumor
4-2636,neutrophil
4-2637,tumor
4-2638,tumor
4-2639,epithelial
4-2640,tumor
4-2641,epithelial
4-2642,mast
4-2643,tumor
4-2644,tumor
4-2645,NK
4-2646,mDC
4-2647,tumor
4-2648,tumor
4-2649,neutrophil
4-2650,macrophage
4-2651,fibroblast
4-2652,tumor
4-2653,tumor
4-2654,tumor
4-2655,neutrophil
4-2656,mDC
4-2657,tumor
4-2658,tumor
4-2659,endothelial
4-2660,tumor
4-2662,tumor
4-2663,tumor
4-2664,macrophage
4-2665,epithelial
4-2666,tumor
4-2667,fibroblast
4-2668,neutrophil
4-2669,tumor
4-2670,neutrophil
4-2671,tumor
4-2672,neutrophil
4-2673,neutrophil
4-2674,tumor
4-2675,neutrophil
4-2676,macrophage
4-2677,tumor
4-2678,tumor
4-2679,macrophage
4-2680,mast
4-2681,tumor
4-2682,endothelial
4-2683,tumor
4-2684,tumor
4-2685,tumor
4-2686,neutrophil
4-2687,epithelial
4-2688,tumor
4-2689,tumor
4-2690,tumor
4-2691,macrophage
4-2692,macrophage
4-2693,neutrophil
4-2694,NK
4-2695,tumor
4-2696,tumor
4-2697,tumor
4-2698,tumor
4-2699,fibroblast
4-2700,tumor
4-2701,tumor
4-2702,macrophage
4-2703,tumor
4-2704,tumor
4-2705,tumor
4-2706,tumor
4-2707,tumor
4-2708,neutrophil
4-2709,tumor
4-2710,tumor
4-2711,tumor
4-2712,neutrophil
4-2713,tumor
4-2714,tumor
4-2715,NK
4-2716,endothelial
4-2717,tumor
4-2718,tumor
4-2719,tumor
4-2720,tumor
4-2721,tumor
4-2722,neutrophil
4-2723,neutrophil
4-2724,tumor
4-2725,endothelial
4-2726,macrophage
4-2727,endothelial
4-2728,fibroblast
4-2729,macrophage
4-2730,endothelial
4-2731,tumor
4-2732,tumor
4-2733,tumor
4-2734,tumor
4-2735,tumor
4-2736,tumor
4-2737,tumor
4-2738,fibroblast
4-2739,tumor
4-2740,macrophage
4-2741,tumor
4-2742,macrophage
4-2743,tumor
4-2744,tumor
4-2745,tumor
4-2746,tumor
4-2747,endothelial
4-2748,neutrophil
4-2749,endothelial
4-2750,tumor
4-2751,NK
4-2752,tumor
4-2753,neutrophil
4-2754,neutrophil
4-2755,T CD4 naive
4-2756,endothelial
4-2757,neutrophil
4-2758,tumor
4-2759,tumor
4-2760,tumor
4-2761,endothelial
4-2762,fibroblast
4-2763,tumor
4-2764,tumor
4-2765,tumor
4-2766,tumor
4-2767,NK
4-2768,neutrophil
4-2769,macrophage
4-2770,endothelial
4-2771,tumor
4-2772,tumor
4-2773,endothelial
4-2774,tumor
4-2775,mDC
4-2776,neutrophil
4-2777,neutrophil
4-2778,tumor
4-2779,NK
4-2780,neutrophil
4-2781,tumor
4-2783,tumor
4-2784,tumor
4-2785,T CD4 naive
4-2786,neutrophil
4-2787,fibroblast
4-2789,NK
4-2790,fibroblast
4-2791,fibroblast
4-2792,B-cell
4-2793,B-cell
4-2794,B-cell
4-2795,B-cell
4-2796,B-cell
4-2797,plasmablast
4-2798,T CD4 naive
4-2799,T CD4 naive
4-2800,neutrophil
4-2801,fibroblast
4-2802,B-cell
4-2804,B-cell
4-2805,endothelial
4-2806,fibroblast
4-2807,macrophage
4-2808,macrophage
4-2810,fibroblast
4-2811,endothelial
4-2812,pDC
4-2813,endothelial
4-2814,tumor
4-2816,B-cell
4-2817,B-cell
4-2818,T CD4 memory
4-2819,fibroblast
4-2820,tumor
4-2821,tumor
4-2822,neutrophil
4-2823,T CD4 naive
4-2825,B-cell
4-2827,epithelial
4-2828,fibroblast
4-2829,macrophage
4-2830,endothelial
4-2831,B-cell
4-2832,B-cell
4-2833,epithelial
4-2834,neutrophil
4-2835,B-cell
4-2836,T CD4 naive
4-2837,endothelial
4-2838,mDC
4-2839,macrophage
4-2840,T CD4 naive
4-2841,fibroblast
4-2842,T CD4 naive
4-2843,T CD4 naive
4-2844,B-cell
4-2845,fibroblast
4-2846,B-cell
4-2847,mDC
4-2848,fibroblast
4-2849,T CD4 naive
4-2850,fibroblast
4-2851,epithelial
4-2852,B-cell
4-2853,epithelial
4-2854,fibroblast
4-2855,endothelial
4-2856,macrophage
4-2857,B-cell
4-2858,fibroblast
4-2859,epithelial
4-2860,fibroblast
4-2861,mast
4-2862,epithelial
4-2863,fibroblast
4-2864,fibroblast
4-2865,B-cell
4-2866,endothelial
4-2867,neutrophil
4-2868,epithelial
4-2869,T CD4 naive
4-2870,B-cell
4-2871,mast
4-2872,macrophage
4-2873,mDC
4-2874,T CD8 naive
4-2875,fibroblast
4-2876,plasmablast
4-2877,epithelial
4-2878,mDC
4-2879,epithelial
4-2880,fibroblast
4-2881,neutrophil
4-2882,fibroblast
4-2883,T CD4 naive
4-2884,NK
4-2885,monocyte
4-2886,epithelial
4-2887,endothelial
4-2888,fibroblast
4-2889,mast
4-2890,B-cell
4-2891,pDC
4-2892,fibroblast
4-2893,fibroblast
4-2894,epithelial
4-2895,T CD4 memory
4-2896,fibroblast
4-2897,B-cell
4-2898,neutrophil
4-2899,monocyte
4-2900,monocyte
4-2901,B-cell
4-2902,B-cell
4-2903,epithelial
4-2904,epithelial
4-2905,epithelial
4-2906,fibroblast
4-2907,B-cell
4-2908,B-cell
4-2909,mast
4-2910,epithelial
4-2911,fibroblast
4-2912,neutrophil
4-2913,endothelial
4-2914,mDC
4-2915,neutrophil
4-2916,B-cell
4-2917,neutrophil
4-2918,neutrophil
4-2919,epithelial
4-2920,mDC
4-2921,fibroblast
4-2922,mDC
4-2923,endothelial
4-2924,monocyte
4-2925,endothelial
4-2926,plasmablast
4-2927,B-cell
4-2928,B-cell
4-2929,T CD4 naive
4-2930,mDC
4-2931,B-cell
4-2932,mDC
4-2933,B-cell
4-2934,T CD8 naive
4-2935,mDC
4-2936,B-cell
4-2937,epithelial
4-2938,epithelial
4-2939,B-cell
4-2940,neutrophil
4-2941,epithelial
4-2942,epithelial
4-2943,B-cell
4-2944,epithelial
4-2945,NK
4-2946,B-cell
4-2947,T CD8 naive
4-2948,mDC
4-2949,mDC
4-2950,fibroblast
4-2951,epithelial
4-2952,T CD4 naive
4-2953,B-cell
4-2954,macrophage
4-2955,macrophage
4-2956,B-cell
4-2957,macrophage
4-2958,mDC
4-2959,B-cell
4-2960,T CD4 naive
4-2961,neutrophil
4-2962,T CD4 naive
4-2963,B-cell
4-2964,B-cell
4-2965,B-cell
4-2966,fibroblast
4-2967,B-cell
4-2968,B-cell
4-2969,NK
4-2970,mDC
4-2971,macrophage
4-2972,fibroblast
4-2973,B-cell
4-2974,fibroblast
4-2975,neutrophil
4-2976,epithelial
4-2977,macrophage
4-2978,T CD4 naive
4-2979,neutrophil
4-2980,endothelial
4-2981,monocyte
4-2982,B-cell
4-2983,B-cell
4-2984,neutrophil
4-2985,NK
4-2986,endothelial
4-2987,B-cell
4-2988,neutrophil
4-2989,mDC
4-2990,neutrophil
4-2991,NK
4-2992,fibroblast
4-2993,fibroblast
4-2994,epithelial
4-2996,B-cell
4-2997,B-cell
4-2998,neutrophil
4-2999,fibroblast
4-3000,T CD4 naive
4-3001,B-cell
4-3002,T CD8 naive
4-3003,fibroblast
4-3004,endothelial
4-3005,neutrophil
4-3006,B-cell
4-3007,endothelial
4-3008,B-cell
4-3009,endothelial
4-3010,B-cell
4-3011,neutrophil
4-3012,fibroblast
4-3013,B-cell
4-3014,B-cell
4-3015,T CD8 naive
4-3016,B-cell
4-3017,B-cell
4-3018,endothelial
4-3019,mDC
4-3020,neutrophil
4-3021,neutrophil
4-3022,macrophage
4-3023,fibroblast
4-3024,endothelial
4-3025,epithelial
4-3026,macrophage
4-3027,T CD4 naive
4-3028,T CD4 naive
4-3029,neutrophil
4-3030,B-cell
4-3031,neutrophil
4-3032,B-cell
4-3033,epithelial
4-3034,fibroblast
4-3035,T CD4 naive
4-3036,T CD4 naive
4-3037,T CD8 naive
4-3038,epithelial
4-3039,epithelial
4-3040,neutrophil
4-3041,monocyte
4-3042,NK
4-3043,epithelial
4-3044,endothelial
4-3045,mast
4-3046,T CD4 naive
4-3047,B-cell
4-3048,T CD4 naive
4-3049,endothelial
4-3050,T CD4 naive
4-3051,endothelial
4-3052,B-cell
4-3053,B-cell
4-3054,fibroblast
4-3055,NK
4-3056,T CD4 naive
4-3057,B-cell
4-3058,T CD4 naive
4-3059,mDC
4-3060,endothelial
4-3061,mDC
4-3062,B-cell
4-3063,B-cell
4-3064,neutrophil
4-3065,fibroblast
4-3066,T CD4 naive
4-3068,B-cell
4-3069,B-cell
4-3070,epithelial
4-3071,mast
4-3072,B-cell
4-3073,T CD8 naive
4-3075,macrophage
4-3076,B-cell
4-3077,neutrophil
4-3078,monocyte
4-3079,NK
4-3080,T CD8 memory
4-3081,T CD4 naive
4-3082,fibroblast
4-3083,T CD4 memory
4-3084,epithelial
4-3085,epithelial
4-3086,neutrophil
4-3087,B-cell
4-3088,neutrophil
4-3089,B-cell
4-3090,T CD4 naive
4-3091,T CD4 naive
4-3092,tumor
4-3094,B-cell
4-3095,B-cell
4-3096,B-cell
4-3097,B-cell
4-3098,neutrophil
4-3099,fibroblast
4-3100,tumor
4-3101,neutrophil
4-3102,mDC
4-3104,T CD4 naive
4-3105,B-cell
4-3106,mDC
4-3107,neutrophil
4-3108,plasmablast
4-3109,T CD4 naive
4-3110,neutrophil
4-3111,macrophage
4-3112,neutrophil
4-3113,neutrophil
4-3114,neutrophil
4-3115,fibroblast
4-3116,tumor
4-3117,tumor
4-3118,macrophage
4-3119,neutrophil
4-3120,neutrophil
4-3121,neutrophil
4-3122,neutrophil
4-3123,tumor
4-3124,neutrophil
4-3125,tumor
4-3126,tumor
4-3127,neutrophil
4-3128,neutrophil
4-3129,neutrophil
4-3130,epithelial
4-3131,endothelial
4-3132,tumor
4-3133,fibroblast
4-3134,macrophage
4-3135,neutrophil
4-3136,endothelial
4-3137,mast
4-3138,neutrophil
4-3139,epithelial
4-3140,T CD4 naive
4-3141,mast
4-3142,neutrophil
4-3143,epithelial
4-3144,neutrophil
4-3145,endothelial
4-3146,tumor
4-3147,neutrophil
4-3148,macrophage
4-3149,macrophage
4-3150,neutrophil
4-3151,endothelial
4-3152,fibroblast
4-3153,tumor
4-3154,epithelial
4-3155,tumor
4-3156,endothelial
4-3157,pDC
4-3158,plasmablast
4-3159,neutrophil
4-3160,tumor
4-3161,monocyte
4-3162,tumor
4-3163,fibroblast
4-3164,tumor
4-3165,neutrophil
4-3166,neutrophil
4-3167,macrophage
4-3168,tumor
4-3169,neutrophil
4-3170,neutrophil
4-3171,tumor
4-3172,tumor
4-3173,neutrophil
4-3174,neutrophil
4-3175,neutrophil
4-3176,neutrophil
4-3177,tumor
4-3178,tumor
4-3179,macrophage
4-3180,tumor
4-3181,tumor
4-3182,tumor
4-3183,tumor
4-3184,tumor
4-3185,NK
4-3186,neutrophil
4-3187,tumor
4-3188,fibroblast
4-3189,epithelial
4-3190,tumor
4-3191,mast
4-3192,neutrophil
4-3193,neutrophil
4-3194,tumor
4-3195,neutrophil
4-3196,neutrophil
4-3197,tumor
4-3198,monocyte
4-3199,neutrophil
4-3200,macrophage
4-3201,endothelial
4-3202,tumor
4-3203,neutrophil
4-3204,neutrophil
4-3205,fibroblast
4-3206,endothelial
4-3207,tumor
4-3208,NK
4-3209,endothelial
4-3210,macrophage
4-3211,neutrophil
4-3212,tumor
4-3213,neutrophil
4-3214,neutrophil
4-3215,tumor
4-3216,tumor
4-3217,neutrophil
4-3218,tumor
4-3220,tumor
4-3221,tumor
4-3222,tumor
4-3223,neutrophil
4-3224,tumor
4-3225,T CD4 naive
4-3226,neutrophil
4-3227,fibroblast
4-3228,fibroblast
4-3229,tumor
4-3230,neutrophil
4-3231,macrophage
4-3232,tumor
4-3233,neutrophil
4-3234,macrophage
4-3235,tumor
4-3236,tumor
4-3237,tumor
4-3238,tumor
4-3239,plasmablast
4-3240,neutrophil
4-3241,tumor
4-3242,tumor
4-3243,tumor
4-3244,tumor
4-3245,tumor
4-3246,tumor
4-3247,tumor
4-3248,neutrophil
4-3249,tumor
4-3250,tumor
4-3251,tumor
4-3252,tumor
4-3253,neutrophil
4-3254,neutrophil
4-3255,tumor
4-3256,tumor
4-3257,tumor
4-3258,tumor
4-3259,tumor
4-3260,tumor
4-3261,tumor
4-3262,tumor
4-3263,tumor
4-3264,tumor
4-3265,fibroblast
4-3266,tumor
4-3267,neutrophil
4-3268,T CD8 naive
4-3269,tumor
4-3270,tumor
4-3271,tumor
4-3272,neutrophil
4-3273,epithelial
4-3274,neutrophil
4-3275,tumor
4-3276,tumor
4-3277,tumor
4-3278,tumor
4-3279,tumor
4-3280,tumor
4-3281,neutrophil
4-3282,tumor
4-3283,tumor
4-3285,neutrophil
4-3286,tumor
4-3287,tumor
4-3288,tumor
4-3289,tumor
4-3290,tumor
4-3291,macrophage
4-3292,tumor
4-3293,neutrophil
4-3294,tumor
4-3295,tumor
4-3296,fibroblast
4-3297,fibroblast
4-3298,neutrophil
4-3299,tumor
4-3300,neutrophil
4-3301,mast
4-3302,tumor
4-3303,neutrophil
4-3304,tumor
4-3305,neutrophil
4-3306,tumor
4-3307,tumor
4-3308,tumor
4-3309,mast
4-3310,macrophage
4-3311,tumor
4-3312,macrophage
4-3313,tumor
4-3314,neutrophil
4-3315,tumor
4-3316,tumor
4-3317,tumor
4-3318,neutrophil
4-3319,tumor
4-3320,tumor
4-3321,tumor
4-3322,tumor
4-3323,tumor
4-3324,tumor
4-3325,neutrophil
4-3326,neutrophil
4-3327,fibroblast
4-3328,T CD4 memory
4-3329,macrophage
4-3330,tumor
4-3331,tumor
4-3332,fibroblast
4-3333,tumor
4-3334,tumor
4-3335,neutrophil
4-3336,neutrophil
4-3337,T CD4 naive
4-3338,macrophage
4-3339,tumor
4-3340,tumor
4-3341,fibroblast
4-3342,endothelial
4-3343,epithelial
4-3344,endothelial
4-3345,tumor
4-3346,tumor
4-3347,neutrophil
4-3348,tumor
4-3349,tumor
4-3350,tumor
4-3351,tumor
4-3352,tumor
4-3353,endothelial
4-3354,tumor
4-3355,tumor
4-3356,tumor
4-3357,epithelial
4-3358,tumor
4-3359,tumor
4-3360,epithelial
4-3361,tumor
4-3362,neutrophil
4-3363,tumor
4-3364,tumor
4-3365,tumor
4-3366,tumor
4-3367,tumor
4-3368,NK
4-3369,tumor
4-3370,tumor
4-3371,fibroblast
4-3372,tumor
4-3373,mast
4-3374,tumor
4-3375,tumor
4-3376,tumor
4-3377,tumor
4-3378,tumor
4-3379,T CD4 memory
4-3380,tumor
4-3381,neutrophil
4-3382,tumor
4-3383,tumor
4-3384,tumor
4-3385,tumor
4-3386,tumor
4-3387,endothelial
4-3388,tumor
4-3389,tumor
4-3390,tumor
4-3391,fibroblast
4-3392,tumor
4-3393,tumor
4-3394,tumor
4-3395,neutrophil
4-3396,tumor
4-3397,tumor
4-3398,tumor
4-3399,macrophage
4-3400,tumor
4-3401,neutrophil
4-3402,tumor
4-3403,tumor
4-3404,endothelial
4-3405,tumor
4-3406,tumor
4-3407,tumor
4-3408,endothelial
4-3409,tumor
4-3410,tumor
4-3411,tumor
4-3412,tumor
4-3413,endothelial
4-3414,tumor
4-3415,tumor
4-3416,tumor
4-3417,tumor
4-3418,tumor
4-3419,tumor
4-3420,tumor
4-3421,tumor
4-3422,tumor
4-3423,tumor
4-3424,tumor
4-3425,tumor
4-3426,neutrophil
4-3427,endothelial
4-3428,tumor
4-3429,macrophage
4-3430,tumor
4-3431,neutrophil
4-3432,tumor
4-3433,tumor
4-3434,tumor
4-3435,tumor
4-3436,mDC
4-3437,tumor
4-3438,tumor
4-3439,tumor
4-3440,endothelial
4-3441,tumor
4-3442,tumor
4-3443,tumor
4-3444,mDC
4-3445,tumor
4-3446,tumor
4-3447,T CD4 naive
4-3448,tumor
4-3449,fibroblast
4-3450,tumor
4-3451,tumor
4-3452,tumor
4-3453,tumor
4-3454,tumor
4-3455,tumor
4-3456,mDC
4-3457,tumor
4-3458,tumor
4-3459,tumor
4-3460,tumor
4-3461,tumor
4-3462,tumor
4-3463,tumor
4-3464,neutrophil
4-3465,mast
4-3466,tumor
4-3467,tumor
4-3468,tumor
4-3469,tumor
4-3470,tumor
4-3471,tumor
4-3472,mast
4-3473,tumor
4-3474,tumor
4-3475,tumor
4-3476,tumor
4-3477,tumor
4-3478,tumor
4-3479,tumor
4-3480,tumor
4-3481,fibroblast
4-3482,macrophage
4-3483,tumor
4-3484,tumor
4-3485,tumor
4-3486,tumor
4-3487,neutrophil
4-3488,neutrophil
4-3489,tumor
4-3490,tumor
4-3491,tumor
4-3492,tumor
4-3493,neutrophil
4-3494,endothelial
4-3495,tumor
4-3496,tumor
4-3497,tumor
4-3498,tumor
4-3499,tumor
4-3500,tumor
4-3501,tumor
4-3502,T CD8 naive
4-3503,neutrophil
4-3504,tumor
4-3505,tumor
4-3506,tumor
4-3507,tumor
4-3508,mast
4-3509,mDC
4-3510,tumor
4-3511,epithelial
4-3512,tumor
4-3513,tumor
4-3514,neutrophil
4-3515,tumor
4-3516,tumor
4-3517,fibroblast
4-3518,tumor
4-3519,tumor
4-3520,tumor
4-3521,fibroblast
4-3522,NK
4-3523,tumor
4-3524,tumor
4-3525,tumor
4-3526,tumor
4-3527,fibroblast
4-3528,fibroblast
4-3529,tumor
4-3530,tumor
4-3531,tumor
4-3532,macrophage
4-3533,tumor
4-3534,neutrophil
4-3535,tumor
4-3536,fibroblast
4-3537,tumor
4-3538,tumor
4-3539,tumor
4-3540,tumor
4-3541,tumor
4-3542,tumor
4-3543,tumor
4-3544,endothelial
4-3545,endothelial
4-3546,fibroblast
4-3547,tumor
4-3548,tumor
4-3549,tumor
4-3550,neutrophil
4-3551,tumor
4-3552,tumor
4-3553,tumor
4-3554,tumor
4-3555,endothelial
4-3556,tumor
4-3557,tumor
4-3558,tumor
4-3559,tumor
4-3560,tumor
4-3561,tumor
4-3562,NK
4-3563,tumor
4-3564,tumor
4-3565,tumor
4-3566,tumor
4-3567,NK
4-3568,tumor
4-3569,mast
4-3570,fibroblast
4-3571,tumor
4-3572,macrophage
4-3573,neutrophil
4-3574,tumor
4-3575,tumor
4-3576,macrophage
4-3577,neutrophil
4-3578,tumor
4-3579,tumor
4-3580,tumor
4-3581,tumor
4-3582,macrophage
4-3583,tumor
4-3584,tumor
4-3585,macrophage
4-3586,tumor
4-3587,neutrophil
4-3588,tumor
4-3589,tumor
4-3590,monocyte
4-3591,tumor
4-3592,neutrophil
4-3593,tumor
4-3594,tumor
4-3595,mast
4-3596,tumor
4-3597,tumor
4-3598,tumor
4-3599,tumor
4-3600,neutrophil
4-3601,tumor
4-3602,tumor
4-3603,tumor
4-3604,tumor
4-3605,tumor
4-3606,tumor
4-3607,tumor
4-3608,mast
4-3609,tumor
4-3610,tumor
4-3611,tumor
4-3612,tumor
4-3613,endothelial
4-3614,tumor
4-3615,mast
4-3616,tumor
4-3617,tumor
9-1,macrophage
9-2,mDC
9-3,macrophage
9-4,macrophage
9-5,pDC
9-6,macrophage
9-7,neutrophil
9-8,endothelial
9-9,neutrophil
9-10,tumor
9-11,macrophage
9-12,neutrophil
9-14,tumor
9-16,NK
9-17,macrophage
9-18,endothelial
9-19,mast
9-21,neutrophil
9-22,macrophage
9-23,NK
9-24,neutrophil
9-25,tumor
9-26,macrophage
9-27,macrophage
9-28,neutrophil
9-29,neutrophil
9-30,neutrophil
9-31,endothelial
9-32,T CD8 naive
9-34,tumor
9-35,endothelial
9-36,macrophage
9-37,macrophage
9-38,endothelial
9-39,epithelial
9-40,fibroblast
9-41,plasmablast
9-42,macrophage
9-43,endothelial
9-44,epithelial
9-45,neutrophil
9-46,neutrophil
9-47,neutrophil
9-48,neutrophil
9-49,macrophage
9-50,macrophage
9-51,macrophage
9-52,neutrophil
9-53,endothelial
9-54,epithelial
9-55,neutrophil
9-56,neutrophil
9-57,fibroblast
9-58,epithelial
9-59,neutrophil
9-60,neutrophil
9-61,endothelial
9-62,tumor
9-63,macrophage
9-64,macrophage
9-65,neutrophil
9-67,Treg
9-68,neutrophil
9-69,macrophage
9-70,neutrophil
9-72,endothelial
9-73,macrophage
9-74,neutrophil
9-75,neutrophil
9-76,macrophage
9-77,macrophage
9-78,macrophage
9-79,B-cell
9-80,NK
9-81,neutrophil
9-82,tumor
9-83,macrophage
9-84,endothelial
9-85,neutrophil
9-86,macrophage
9-87,macrophage
9-88,neutrophil
9-89,epithelial
9-90,macrophage
9-91,mast
9-92,neutrophil
9-93,neutrophil
9-94,neutrophil
9-95,neutrophil
9-96,neutrophil
9-97,endothelial
9-98,neutrophil
9-99,neutrophil
9-100,endothelial
9-101,neutrophil
9-102,neutrophil
9-103,neutrophil
9-104,neutrophil
9-105,NK
9-106,macrophage
9-107,neutrophil
9-108,mast
9-109,neutrophil
9-110,endothelial
9-111,macrophage
9-112,neutrophil
9-113,macrophage
9-114,neutrophil
9-115,macrophage
9-116,macrophage
9-117,epithelial
9-118,neutrophil
9-119,macrophage
9-120,endothelial
9-121,macrophage
9-122,neutrophil
9-123,neutrophil
9-124,epithelial
9-125,neutrophil
9-126,neutrophil
9-127,endothelial
9-128,NK
9-129,neutrophil
9-130,macrophage
9-131,macrophage
9-132,endothelial
9-133,neutrophil
9-134,endothelial
9-135,T CD4 naive
9-136,NK
9-137,epithelial
9-138,neutrophil
9-139,T CD4 naive
9-140,neutrophil
9-141,neutrophil
9-142,neutrophil
9-143,macrophage
9-144,neutrophil
9-145,neutrophil
9-146,macrophage
9-147,fibroblast
9-148,neutrophil
9-149,NK
9-150,endothelial
9-151,neutrophil
9-152,macrophage
9-153,macrophage
9-154,B-cell
9-155,mDC
9-156,macrophage
9-157,fibroblast
9-158,endothelial
9-159,neutrophil
9-160,neutrophil
9-161,neutrophil
9-162,fibroblast
9-163,macrophage
9-164,macrophage
9-165,endothelial
9-166,neutrophil
9-167,T CD4 naive
9-168,endothelial
9-169,tumor
9-170,T CD4 naive
9-171,NK
9-172,neutrophil
9-173,T CD4 naive
9-174,macrophage
9-175,neutrophil
9-176,fibroblast
9-177,endothelial
9-178,epithelial
9-179,neutrophil
9-180,neutrophil
9-181,neutrophil
9-182,neutrophil
9-183,neutrophil
9-184,macrophage
9-185,endothelial
9-186,neutrophil
9-187,neutrophil
9-188,tumor
9-189,macrophage
9-190,neutrophil
9-191,T CD4 naive
9-192,neutrophil
9-193,neutrophil
9-194,neutrophil
9-195,endothelial
9-196,endothelial
9-197,neutrophil
9-198,B-cell
9-199,neutrophil
9-200,macrophage
9-201,macrophage
9-202,endothelial
9-203,mDC
9-204,neutrophil
9-205,mDC
9-206,neutrophil
9-207,mast
9-208,endothelial
9-209,neutrophil
9-210,epithelial
9-211,epithelial
9-212,fibroblast
9-213,macrophage
9-214,endothelial
9-215,B-cell
9-216,macrophage
9-217,neutrophil
9-218,fibroblast
9-219,fibroblast
9-220,macrophage
9-221,macrophage
9-222,tumor
9-223,endothelial
9-224,neutrophil
9-225,neutrophil
9-226,NK
9-227,neutrophil
9-228,macrophage
9-229,neutrophil
9-230,macrophage
9-231,macrophage
9-232,plasmablast
9-233,neutrophil
9-234,epithelial
9-235,neutrophil
9-236,macrophage
9-237,neutrophil
9-238,neutrophil
9-239,neutrophil
9-240,neutrophil
9-241,endothelial
9-242,neutrophil
9-243,endothelial
9-244,endothelial
9-245,mast
9-247,T CD4 naive
9-248,macrophage
9-249,neutrophil
9-250,macrophage
9-251,neutrophil
9-252,neutrophil
9-253,neutrophil
9-254,endothelial
9-255,tumor
9-256,endothelial
9-257,neutrophil
9-258,neutrophil
9-259,neutrophil
9-260,neutrophil
9-261,NK
9-262,macrophage
9-263,mast
9-264,endothelial
9-265,fibroblast
9-266,fibroblast
9-267,neutrophil
9-268,neutrophil
9-269,pDC
9-270,macrophage
9-271,neutrophil
9-272,fibroblast
9-273,neutrophil
9-274,plasmablast
9-275,macrophage
9-276,fibroblast
9-277,macrophage
9-278,endothelial
9-279,neutrophil
9-280,neutrophil
9-281,neutrophil
9-282,neutrophil
9-283,epithelial
9-284,macrophage
9-285,neutrophil
9-286,macrophage
9-287,B-cell
9-288,macrophage
9-289,neutrophil
9-290,neutrophil
9-291,endothelial
9-292,macrophage
9-293,macrophage
9-294,neutrophil
9-295,neutrophil
9-296,macrophage
9-297,neutrophil
9-298,epithelial
9-299,macrophage
9-300,endothelial
9-301,neutrophil
9-302,neutrophil
9-303,neutrophil
9-304,macrophage
9-305,neutrophil
9-306,tumor
9-307,B-cell
9-308,macrophage
9-309,neutrophil
9-310,endothelial
9-311,plasmablast
9-312,neutrophil
9-313,macrophage
9-314,macrophage
9-316,endothelial
9-317,neutrophil
9-318,T CD4 naive
9-319,macrophage
9-320,macrophage
9-321,macrophage
9-322,macrophage
9-323,endothelial
9-324,macrophage
9-325,neutrophil
9-326,mDC
9-327,NK
9-328,neutrophil
9-329,macrophage
9-330,macrophage
9-331,neutrophil
9-332,macrophage
9-333,epithelial
9-334,epithelial
9-335,macrophage
9-336,T CD4 naive
9-337,macrophage
9-338,neutrophil
9-339,neutrophil
9-340,neutrophil
9-341,endothelial
9-343,neutrophil
9-344,macrophage
9-345,neutrophil
9-346,NK
9-347,neutrophil
9-348,endothelial
9-349,macrophage
9-350,macrophage
9-351,monocyte
9-353,macrophage
9-354,macrophage
9-355,neutrophil
9-357,macrophage
9-358,neutrophil
9-359,fibroblast
9-360,endothelial
9-361,B-cell
9-362,neutrophil
9-363,macrophage
9-364,macrophage
9-365,neutrophil
9-366,endothelial
9-367,B-cell
9-368,tumor
9-369,neutrophil
9-370,macrophage
9-371,B-cell
9-372,macrophage
9-373,neutrophil
9-374,T CD4 naive
9-375,neutrophil
9-376,macrophage
9-377,endothelial
9-378,neutrophil
9-379,macrophage
9-380,plasmablast
9-381,NK
9-382,monocyte
9-383,T CD4 naive
9-384,neutrophil
9-385,neutrophil
9-386,macrophage
9-387,NK
9-388,NK
9-389,macrophage
9-390,neutrophil
9-391,epithelial
9-392,macrophage
9-393,neutrophil
9-394,neutrophil
9-395,macrophage
9-396,fibroblast
9-397,macrophage
9-398,neutrophil
9-399,macrophage
9-400,neutrophil
9-401,macrophage
9-402,tumor
9-403,neutrophil
9-404,T CD4 naive
9-405,neutrophil
9-406,macrophage
9-407,fibroblast
9-408,NK
9-409,neutrophil
9-410,neutrophil
9-411,neutrophil
9-412,neutrophil
9-413,fibroblast
9-414,epithelial
9-415,NK
9-416,NK
9-417,neutrophil
9-418,macrophage
9-419,T CD4 naive
9-420,macrophage
9-421,NK
9-422,macrophage
9-423,epithelial
9-424,endothelial
9-425,epithelial
9-426,endothelial
9-427,neutrophil
9-428,epithelial
9-429,neutrophil
9-430,neutrophil
9-431,B-cell
9-432,neutrophil
9-434,tumor
9-435,NK
9-436,neutrophil
9-437,macrophage
9-438,T CD4 naive
9-439,mDC
9-440,neutrophil
9-441,endothelial
9-442,neutrophil
9-443,tumor
9-445,macrophage
9-446,NK
9-447,neutrophil
9-448,neutrophil
9-449,neutrophil
9-450,endothelial
9-451,fibroblast
9-452,macrophage
9-453,fibroblast
9-454,neutrophil
9-455,macrophage
9-456,macrophage
9-457,neutrophil
9-458,neutrophil
9-459,neutrophil
9-460,epithelial
9-461,neutrophil
9-462,T CD4 naive
9-463,neutrophil
9-464,macrophage
9-465,neutrophil
9-466,neutrophil
9-467,T CD4 naive
9-468,NK
9-470,tumor
9-471,neutrophil
9-472,neutrophil
9-473,mast
9-474,mDC
9-475,neutrophil
9-476,mast
9-477,macrophage
9-478,macrophage
9-479,neutrophil
9-480,neutrophil
9-481,epithelial
9-482,endothelial
9-483,neutrophil
9-484,endothelial
9-485,neutrophil
9-486,neutrophil
9-487,epithelial
9-488,NK
9-489,tumor
9-490,endothelial
9-491,macrophage
9-492,neutrophil
9-493,tumor
9-494,neutrophil
9-495,macrophage
9-496,mast
9-497,neutrophil
9-498,neutrophil
9-499,macrophage
9-500,endothelial
9-501,epithelial
9-502,neutrophil
9-503,endothelial
9-504,endothelial
9-505,epithelial
9-506,neutrophil
9-507,macrophage
9-509,neutrophil
9-510,mast
9-511,epithelial
9-512,neutrophil
9-513,neutrophil
9-514,neutrophil
9-515,neutrophil
9-516,B-cell
9-517,epithelial
9-518,neutrophil
9-519,B-cell
9-520,neutrophil
9-521,T CD4 naive
9-522,endothelial
9-523,NK
9-524,tumor
9-525,macrophage
9-526,macrophage
9-527,neutrophil
9-528,neutrophil
9-531,macrophage
9-532,tumor
9-533,neutrophil
9-534,neutrophil
9-535,NK
9-536,T CD4 naive
9-537,T CD4 naive
9-538,macrophage
9-539,T CD8 naive
9-540,tumor
9-541,neutrophil
9-542,tumor
9-543,fibroblast
9-544,neutrophil
9-545,NK
9-546,T CD4 naive
9-547,NK
9-548,tumor
9-549,endothelial
9-550,fibroblast
9-551,macrophage
9-552,neutrophil
9-553,T CD4 naive
9-554,macrophage
9-555,T CD4 naive
9-556,epithelial
9-557,T CD4 naive
9-559,neutrophil
9-560,neutrophil
9-561,NK
9-562,neutrophil
9-563,neutrophil
9-564,endothelial
9-565,B-cell
9-566,epithelial
9-567,endothelial
9-568,neutrophil
9-569,macrophage
9-570,mDC
9-571,macrophage
9-572,T CD4 naive
9-573,endothelial
9-574,T CD4 naive
9-575,neutrophil
9-576,neutrophil
9-577,neutrophil
9-578,neutrophil
9-579,tumor
9-580,macrophage
9-581,endothelial
9-582,macrophage
9-583,neutrophil
9-584,neutrophil
9-585,neutrophil
9-586,fibroblast
9-587,neutrophil
9-588,neutrophil
9-589,macrophage
9-590,macrophage
9-591,neutrophil
9-592,neutrophil
9-593,tumor
9-594,fibroblast
9-595,B-cell
9-596,macrophage
9-597,neutrophil
9-598,endothelial
9-599,macrophage
9-600,mast
9-601,neutrophil
9-602,macrophage
9-603,neutrophil
9-604,neutrophil
9-605,neutrophil
9-606,plasmablast
9-607,endothelial
9-608,neutrophil
9-609,plasmablast
9-610,T CD8 naive
9-611,macrophage
9-612,macrophage
9-613,NK
9-614,neutrophil
9-615,T CD8 naive
9-616,neutrophil
9-617,mast
9-618,neutrophil
9-619,neutrophil
9-620,macrophage
9-621,NK
9-622,neutrophil
9-623,neutrophil
9-624,T CD4 naive
9-625,endothelial
9-626,macrophage
9-627,neutrophil
9-628,neutrophil
9-629,plasmablast
9-630,macrophage
9-631,neutrophil
9-632,neutrophil
9-633,plasmablast
9-634,neutrophil
9-635,macrophage
9-636,fibroblast
9-637,macrophage
9-638,macrophage
9-640,macrophage
9-641,macrophage
9-642,T CD4 naive
9-643,macrophage
9-644,monocyte
9-645,mast
9-646,fibroblast
9-647,neutrophil
9-648,T CD4 naive
9-649,macrophage
9-650,macrophage
9-651,neutrophil
9-652,fibroblast
9-653,macrophage
9-654,neutrophil
9-655,endothelial
9-656,mast
9-657,macrophage
9-658,T CD4 naive
9-659,endothelial
9-660,neutrophil
9-661,mDC
9-662,neutrophil
9-663,mast
9-664,neutrophil
9-665,mast
9-666,endothelial
9-667,mDC
9-668,tumor
9-669,plasmablast
9-670,endothelial
9-671,T CD8 naive
9-672,plasmablast
9-673,NK
9-674,macrophage
9-675,neutrophil
9-676,neutrophil
9-677,macrophage
9-678,macrophage
9-679,neutrophil
9-680,T CD4 naive
9-681,neutrophil
9-682,macrophage
9-683,endothelial
9-684,endothelial
9-685,neutrophil
9-686,macrophage
9-687,neutrophil
9-688,macrophage
9-689,macrophage
9-690,monocyte
9-691,T CD4 naive
9-692,endothelial
9-693,epithelial
9-694,macrophage
9-695,epithelial
9-696,macrophage
9-697,neutrophil
9-698,T CD4 naive
9-699,macrophage
9-700,macrophage
9-701,neutrophil
9-702,B-cell
9-703,macrophage
9-704,neutrophil
9-705,neutrophil
9-706,neutrophil
9-707,macrophage
9-708,macrophage
9-709,T CD4 naive
9-710,NK
9-711,macrophage
9-712,macrophage
9-713,endothelial
9-714,macrophage
9-715,neutrophil
9-716,neutrophil
9-717,endothelial
9-718,endothelial
9-719,neutrophil
9-720,T CD4 naive
9-721,macrophage
9-722,macrophage
9-723,NK
9-724,endothelial
9-725,endothelial
9-726,fibroblast
9-727,neutrophil
9-728,endothelial
9-729,mast
9-730,mast
9-731,neutrophil
9-732,fibroblast
9-733,neutrophil
9-734,macrophage
9-735,macrophage
9-736,neutrophil
9-737,mast
9-738,B-cell
9-739,macrophage
9-740,fibroblast
9-741,endothelial
9-742,macrophage
9-743,macrophage
9-744,macrophage
9-745,endothelial
9-746,neutrophil
9-747,neutrophil
9-748,neutrophil
9-749,neutrophil
9-750,macrophage
9-751,tumor
9-752,macrophage
9-753,NK
9-754,neutrophil
9-755,epithelial
9-756,neutrophil
9-757,macrophage
9-758,neutrophil
9-759,macrophage
9-760,macrophage
9-761,macrophage
9-762,neutrophil
9-763,macrophage
9-764,neutrophil
9-765,endothelial
9-766,fibroblast
9-767,macrophage
9-768,mDC
9-769,macrophage
9-770,neutrophil
9-771,macrophage
9-772,macrophage
9-773,neutrophil
9-774,neutrophil
9-775,neutrophil
9-776,neutrophil
9-777,neutrophil
9-778,macrophage
9-779,neutrophil
9-780,endothelial
9-781,tumor
9-782,macrophage
9-783,fibroblast
9-784,macrophage
9-785,NK
9-786,macrophage
9-787,neutrophil
9-788,neutrophil
9-789,neutrophil
9-790,tumor
9-791,mDC
9-792,B-cell
9-793,macrophage
9-794,B-cell
9-795,macrophage
9-796,neutrophil
9-797,plasmablast
9-798,neutrophil
9-799,neutrophil
9-800,neutrophil
9-801,mDC
9-803,neutrophil
9-804,neutrophil
9-805,neutrophil
9-806,macrophage
9-807,neutrophil
9-808,neutrophil
9-809,fibroblast
9-810,neutrophil
9-811,neutrophil
9-812,macrophage
9-813,tumor
9-814,macrophage
9-815,neutrophil
9-816,NK
9-817,macrophage
9-818,macrophage
9-819,macrophage
9-820,macrophage
9-821,macrophage
9-822,mast
9-823,monocyte
9-824,T CD4 naive
9-825,mDC
9-826,mast
9-827,neutrophil
9-828,macrophage
9-829,neutrophil
9-830,macrophage
9-831,neutrophil
9-832,macrophage
9-833,epithelial
9-834,neutrophil
9-835,neutrophil
9-836,macrophage
9-837,macrophage
9-838,neutrophil
9-839,endothelial
9-840,macrophage
9-842,mast
9-843,T CD4 naive
9-844,neutrophil
9-845,tumor
9-846,macrophage
9-847,neutrophil
9-848,neutrophil
9-849,neutrophil
9-850,macrophage
9-851,epithelial
9-852,neutrophil
9-853,macrophage
9-854,macrophage
9-855,neutrophil
9-856,neutrophil
9-857,neutrophil
9-858,neutrophil
9-859,T CD4 naive
9-860,neutrophil
9-861,neutrophil
9-862,endothelial
9-863,neutrophil
9-864,monocyte
9-865,endothelial
9-866,neutrophil
9-867,macrophage
9-868,macrophage
9-869,macrophage
9-870,fibroblast
9-871,macrophage
9-872,pDC
9-873,macrophage
9-874,epithelial
9-875,epithelial
9-876,fibroblast
9-877,mast
9-878,neutrophil
9-879,tumor
9-880,neutrophil
9-881,macrophage
9-882,macrophage
9-883,epithelial
9-884,macrophage
9-885,neutrophil
9-886,endothelial
9-887,fibroblast
9-888,neutrophil
9-889,neutrophil
9-890,mDC
9-891,epithelial
9-892,macrophage
9-893,neutrophil
9-894,mDC
9-895,macrophage
9-896,neutrophil
9-897,macrophage
9-898,macrophage
9-899,neutrophil
9-900,macrophage
9-901,neutrophil
9-902,macrophage
9-903,neutrophil
9-904,epithelial
9-905,fibroblast
9-906,macrophage
9-907,macrophage
9-908,neutrophil
9-909,macrophage
9-910,macrophage
9-911,macrophage
9-912,epithelial
9-913,macrophage
9-914,B-cell
9-915,NK
9-916,neutrophil
9-917,T CD8 naive
9-918,neutrophil
9-919,neutrophil
9-920,plasmablast
9-921,fibroblast
9-922,macrophage
9-923,neutrophil
9-924,neutrophil
9-925,macrophage
9-926,neutrophil
9-927,macrophage
9-928,epithelial
9-929,neutrophil
9-930,macrophage
9-931,neutrophil
9-932,neutrophil
9-933,neutrophil
9-934,macrophage
9-935,neutrophil
9-936,neutrophil
9-937,fibroblast
9-938,neutrophil
9-939,NK
9-940,neutrophil
9-941,neutrophil
9-942,neutrophil
9-943,mast
9-944,T CD4 naive
9-945,endothelial
9-946,endothelial
9-947,neutrophil
9-948,T CD8 naive
9-949,macrophage
9-950,neutrophil
9-951,macrophage
9-952,plasmablast
9-954,neutrophil
9-955,NK
9-956,neutrophil
9-957,macrophage
9-958,neutrophil
9-959,macrophage
9-960,fibroblast
9-961,endothelial
9-962,neutrophil
9-963,epithelial
9-964,neutrophil
9-965,macrophage
9-966,endothelial
9-967,macrophage
9-968,macrophage
9-969,NK
9-970,neutrophil
9-971,macrophage
9-972,macrophage
9-973,fibroblast
9-974,T CD4 naive
9-975,neutrophil
9-976,neutrophil
9-977,macrophage
9-978,neutrophil
9-979,neutrophil
9-980,endothelial
9-981,macrophage
9-982,endothelial
9-983,neutrophil
9-984,epithelial
9-985,neutrophil
9-986,plasmablast
9-987,macrophage
9-988,neutrophil
9-989,neutrophil
9-990,endothelial
9-991,neutrophil
9-992,endothelial
9-993,mast
9-994,B-cell
9-995,endothelial
9-996,macrophage
9-998,macrophage
9-999,epithelial
9-1000,macrophage
9-1001,endothelial
9-1002,macrophage
9-1003,neutrophil
9-1004,endothelial
9-1005,neutrophil
9-1007,neutrophil
9-1008,neutrophil
9-1009,endothelial
9-1010,macrophage
9-1011,neutrophil
9-1012,neutrophil
9-1013,neutrophil
9-1014,neutrophil
9-1015,neutrophil
9-1016,epithelial
9-1017,endothelial
9-1018,pDC
9-1019,epithelial
9-1020,epithelial
9-1021,NK
9-1022,macrophage
9-1023,macrophage
9-1024,neutrophil
9-1025,endothelial
9-1026,mast
9-1027,endothelial
9-1028,fibroblast
9-1029,mast
9-1030,epithelial
9-1031,macrophage
9-1032,plasmablast
9-1033,fibroblast
9-1034,neutrophil
9-1035,T CD4 naive
9-1036,macrophage
9-1037,macrophage
9-1038,NK
9-1039,fibroblast
9-1040,macrophage
9-1041,epithelial
9-1042,mDC
9-1043,neutrophil
9-1044,neutrophil
9-1045,macrophage
9-1046,macrophage
9-1047,neutrophil
9-1048,endothelial
9-1049,endothelial
9-1050,epithelial
9-1051,neutrophil
9-1052,macrophage
9-1053,macrophage
9-1054,macrophage
9-1055,macrophage
9-1056,macrophage
9-1057,macrophage
9-1058,neutrophil
9-1059,macrophage
9-1060,endothelial
9-1061,mast
9-1062,endothelial
9-1063,epithelial
9-1064,plasmablast
9-1065,fibroblast
9-1066,neutrophil
9-1067,macrophage
9-1068,endothelial
9-1069,mast
9-1070,T CD4 naive
9-1072,epithelial
9-1073,macrophage
9-1074,macrophage
9-1075,tumor
9-1076,epithelial
9-1077,epithelial
9-1078,macrophage
9-1079,macrophage
9-1080,epithelial
9-1081,macrophage
9-1082,T CD4 naive
9-1083,T CD4 naive
9-1084,endothelial
9-1085,neutrophil
9-1086,macrophage
9-1087,neutrophil
9-1088,fibroblast
9-1089,epithelial
9-1090,T CD4 naive
9-1091,macrophage
9-1092,mDC
9-1093,macrophage
9-1094,epithelial
9-1095,epithelial
9-1096,mDC
9-1097,neutrophil
9-1098,mDC
9-1099,epithelial
9-1100,endothelial
9-1101,epithelial
9-1102,epithelial
9-1103,NK
9-1104,macrophage
9-1106,plasmablast
9-1107,T CD4 memory
9-1108,neutrophil
9-1109,macrophage
9-1110,endothelial
9-1111,T CD4 naive
9-1112,endothelial
9-1113,neutrophil
9-1114,macrophage
9-1115,B-cell
9-1116,neutrophil
9-1117,macrophage
9-1118,neutrophil
9-1119,macrophage
9-1120,pDC
9-1121,T CD4 naive
9-1122,NK
9-1123,neutrophil
9-1124,epithelial
9-1125,macrophage
9-1126,neutrophil
9-1127,endothelial
9-1128,monocyte
9-1129,mast
9-1130,T CD4 naive
9-1131,endothelial
9-1132,mast
9-1133,T CD4 naive
9-1134,mDC
9-1135,macrophage
9-1136,epithelial
9-1137,tumor
9-1138,macrophage
9-1139,macrophage
9-1140,macrophage
9-1141,macrophage
9-1142,neutrophil
9-1143,neutrophil
9-1144,neutrophil
9-1145,B-cell
9-1146,pDC
9-1147,macrophage
9-1148,macrophage
9-1149,macrophage
9-1150,macrophage
9-1151,neutrophil
9-1152,macrophage
9-1153,endothelial
9-1154,T CD4 naive
9-1155,endothelial
9-1156,epithelial
9-1157,pDC
9-1158,endothelial
9-1159,fibroblast
9-1160,macrophage
9-1161,macrophage
9-1162,macrophage
9-1163,neutrophil
9-1164,B-cell
9-1165,neutrophil
9-1166,neutrophil
9-1167,macrophage
9-1168,B-cell
9-1169,pDC
9-1170,epithelial
9-1171,T CD4 naive
9-1172,endothelial
9-1173,neutrophil
9-1174,macrophage
9-1175,neutrophil
9-1176,neutrophil
9-1177,tumor
9-1178,macrophage
9-1179,epithelial
9-1180,neutrophil
9-1181,endothelial
9-1182,neutrophil
9-1183,macrophage
9-1184,endothelial
9-1185,neutrophil
9-1186,macrophage
9-1187,macrophage
9-1188,neutrophil
9-1189,neutrophil
9-1190,B-cell
9-1191,endothelial
9-1192,endothelial
9-1193,T CD8 naive
9-1194,epithelial
9-1195,neutrophil
9-1196,NK
9-1197,neutrophil
9-1198,neutrophil
9-1199,macrophage
9-1200,T CD4 naive
9-1201,endothelial
9-1202,endothelial
9-1203,fibroblast
9-1204,epithelial
9-1205,endothelial
9-1206,neutrophil
9-1207,mDC
9-1208,T CD4 naive
9-1209,pDC
9-1210,tumor
9-1211,neutrophil
9-1212,plasmablast
9-1213,macrophage
9-1214,epithelial
9-1215,neutrophil
9-1216,macrophage
9-1217,neutrophil
9-1218,neutrophil
9-1219,endothelial
9-1220,T CD4 naive
9-1221,mast
9-1222,epithelial
9-1223,epithelial
9-1224,T CD4 naive
9-1225,macrophage
9-1226,plasmablast
9-1227,neutrophil
9-1228,neutrophil
9-1229,neutrophil
9-1230,macrophage
9-1231,tumor
9-1232,macrophage
9-1233,neutrophil
9-1234,neutrophil
9-1235,T CD4 naive
9-1236,T CD4 naive
9-1237,epithelial
9-1238,macrophage
9-1239,epithelial
9-1240,epithelial
9-1241,neutrophil
9-1242,endothelial
9-1243,neutrophil
9-1244,mDC
9-1245,B-cell
9-1246,macrophage
9-1247,macrophage
9-1248,neutrophil
9-1250,neutrophil
9-1251,neutrophil
9-1252,plasmablast
9-1253,neutrophil
9-1254,macrophage
9-1255,macrophage
9-1256,macrophage
9-1257,fibroblast
9-1258,neutrophil
9-1259,NK
9-1260,neutrophil
9-1261,T CD4 naive
9-1262,pDC
9-1263,pDC
9-1264,epithelial
9-1265,endothelial
9-1266,endothelial
9-1267,T CD4 naive
9-1268,endothelial
9-1269,T CD4 naive
9-1270,neutrophil
9-1271,macrophage
9-1272,plasmablast
9-1273,neutrophil
9-1275,mDC
9-1276,endothelial
9-1277,tumor
9-1278,macrophage
9-1279,epithelial
9-1280,endothelial
9-1281,neutrophil
9-1283,macrophage
9-1284,T CD4 naive
9-1285,macrophage
9-1286,NK
9-1287,fibroblast
9-1288,mDC
9-1289,endothelial
9-1290,T CD4 naive
9-1291,neutrophil
9-1292,neutrophil
9-1293,fibroblast
9-1294,neutrophil
9-1295,mDC
9-1296,epithelial
9-1297,plasmablast
9-1298,endothelial
9-1299,epithelial
9-1301,epithelial
9-1302,macrophage
9-1303,neutrophil
9-1304,fibroblast
9-1305,epithelial
9-1306,epithelial
9-1307,neutrophil
9-1308,mast
9-1309,fibroblast
9-1310,macrophage
9-1311,plasmablast
9-1312,macrophage
9-1313,macrophage
9-1314,plasmablast
9-1315,fibroblast
9-1316,fibroblast
9-1317,pDC
9-1318,T CD4 naive
9-1319,neutrophil
9-1320,macrophage
9-1321,macrophage
9-1322,endothelial
9-1323,fibroblast
9-1324,plasmablast
9-1325,endothelial
9-1326,T CD8 naive
9-1327,NK
9-1328,plasmablast
9-1329,fibroblast
9-1330,neutrophil
9-1331,macrophage
9-1332,B-cell
9-1333,fibroblast
9-1334,endothelial
9-1335,macrophage
9-1336,neutrophil
9-1337,T CD8 naive
9-1338,mDC
9-1339,plasmablast
9-1340,mast
9-1341,T CD4 naive
9-1342,macrophage
9-1343,macrophage
9-1344,neutrophil
9-1345,fibroblast
9-1346,T CD4 naive
9-1347,mDC
9-1348,endothelial
9-1349,fibroblast
9-1350,macrophage
9-1351,T CD4 naive
9-1352,B-cell
9-1353,mDC
9-1354,endothelial
9-1355,fibroblast
9-1356,plasmablast
9-1357,macrophage
9-1358,neutrophil
9-1359,macrophage
9-1360,T CD4 naive
9-1361,neutrophil
9-1362,mDC
9-1363,endothelial
9-1364,macrophage
9-1365,fibroblast
9-1366,macrophage
9-1367,T CD4 naive
9-1368,macrophage
9-1369,endothelial
9-1370,neutrophil
9-1371,mast
9-1372,B-cell
9-1373,plasmablast
9-1374,macrophage
9-1375,macrophage
9-1376,T CD4 naive
9-1377,epithelial
9-1378,endothelial
9-1379,macrophage
9-1380,neutrophil
9-1381,NK
9-1382,B-cell
9-1383,neutrophil
9-1384,B-cell
9-1385,endothelial
9-1386,macrophage
9-1387,macrophage
9-1388,neutrophil
9-1389,plasmablast
9-1390,T CD4 naive
9-1391,fibroblast
9-1392,epithelial
9-1393,fibroblast
9-1394,fibroblast
9-1395,T CD4 naive
9-1396,tumor
9-1397,mDC
9-1398,macrophage
9-1399,endothelial
9-1400,neutrophil
9-1401,neutrophil
9-1402,B-cell
9-1403,mDC
9-1404,endothelial
9-1405,T CD8 naive
9-1406,neutrophil
9-1407,endothelial
9-1408,neutrophil
9-1409,endothelial
9-1410,pDC
9-1411,endothelial
9-1412,mDC
9-1413,T CD8 naive
9-1414,endothelial
9-1415,endothelial
9-1416,mDC
9-1417,epithelial
9-1418,endothelial
9-1419,neutrophil
9-1420,T CD8 naive
9-1421,macrophage
9-1422,mast
9-1423,tumor
9-1424,mDC
9-1425,neutrophil
9-1426,macrophage
9-1427,macrophage
9-1428,neutrophil
9-1429,macrophage
9-1430,endothelial
9-1431,T CD4 naive
9-1432,endothelial
9-1433,fibroblast
9-1434,T CD4 naive
9-1435,epithelial
9-1436,neutrophil
9-1437,tumor
9-1438,fibroblast
9-1439,endothelial
9-1440,macrophage
9-1441,neutrophil
9-1442,T CD4 naive
9-1443,neutrophil
9-1444,neutrophil
9-1445,macrophage
9-1446,macrophage
9-1447,B-cell
9-1448,epithelial
9-1449,macrophage
9-1450,fibroblast
9-1451,fibroblast
9-1452,epithelial
9-1453,neutrophil
9-1454,neutrophil
9-1455,macrophage
9-1456,endothelial
9-1457,mDC
9-1458,mDC
9-1459,mast
9-1460,macrophage
9-1461,endothelial
9-1462,endothelial
9-1463,macrophage
9-1464,mast
9-1465,endothelial
9-1466,endothelial
9-1467,macrophage
9-1468,macrophage
9-1469,endothelial
9-1470,macrophage
9-1471,macrophage
9-1472,endothelial
9-1473,neutrophil
9-1474,plasmablast
9-1475,neutrophil
9-1476,T CD8 naive
9-1477,endothelial
9-1478,mDC
9-1479,fibroblast
9-1480,tumor
9-1481,fibroblast
9-1482,T CD8 naive
9-1483,macrophage
9-1484,T CD4 memory
9-1485,neutrophil
9-1486,endothelial
9-1487,macrophage
9-1488,neutrophil
9-1489,endothelial
9-1490,pDC
9-1491,T CD4 naive
9-1492,mast
9-1493,plasmablast
9-1494,NK
9-1495,macrophage
9-1496,pDC
9-1497,fibroblast
9-1498,pDC
9-1499,plasmablast
9-1500,NK
9-1501,neutrophil
9-1502,epithelial
9-1503,endothelial
9-1504,neutrophil
9-1505,mDC
9-1506,neutrophil
9-1507,tumor
9-1508,macrophage
9-1509,mDC
9-1510,T CD4 naive
9-1511,neutrophil
9-1512,macrophage
9-1513,epithelial
9-1514,macrophage
9-1515,T CD4 naive
9-1516,neutrophil
9-1517,macrophage
9-1518,T CD4 naive
9-1519,plasmablast
9-1520,macrophage
9-1522,tumor
9-1523,epithelial
9-1524,T CD4 naive
9-1525,neutrophil
9-1526,neutrophil
9-1527,neutrophil
9-1528,neutrophil
9-1529,T CD4 naive
9-1530,macrophage
9-1531,endothelial
9-1532,neutrophil
9-1533,B-cell
9-1534,macrophage
9-1535,mDC
9-1536,macrophage
9-1537,plasmablast
9-1538,macrophage
9-1539,mast
9-1540,mDC
9-1541,neutrophil
9-1542,endothelial
9-1543,mast
9-1544,neutrophil
9-1545,mDC
9-1546,fibroblast
9-1547,mDC
9-1548,NK
9-1549,T CD4 naive
9-1550,endothelial
9-1551,plasmablast
9-1552,tumor
9-1553,tumor
9-1554,neutrophil
9-1555,neutrophil
9-1556,NK
9-1557,macrophage
9-1558,endothelial
9-1559,monocyte
9-1560,fibroblast
9-1561,plasmablast
9-1562,plasmablast
9-1563,epithelial
9-1564,plasmablast
9-1565,plasmablast
9-1566,endothelial
9-1567,neutrophil
9-1568,macrophage
9-1569,macrophage
9-1570,neutrophil
9-1571,mDC
9-1572,monocyte
9-1573,fibroblast
9-1574,macrophage
9-1575,macrophage
9-1576,macrophage
9-1577,neutrophil
9-1578,tumor
9-1579,macrophage
9-1580,endothelial
9-1581,neutrophil
9-1582,B-cell
9-1583,neutrophil
9-1584,tumor
9-1585,tumor
9-1586,neutrophil
9-1587,neutrophil
9-1588,macrophage
9-1589,macrophage
9-1590,pDC
9-1591,fibroblast
9-1592,tumor
9-1593,endothelial
9-1594,T CD4 naive
9-1595,T CD8 naive
9-1596,macrophage
9-1597,neutrophil
9-1598,mDC
9-1599,tumor
9-1600,epithelial
9-1601,tumor
9-1602,macrophage
9-1603,epithelial
9-1604,fibroblast
9-1605,fibroblast
9-1606,macrophage
9-1607,neutrophil
9-1608,fibroblast
9-1609,pDC
9-1610,T CD4 naive
9-1611,neutrophil
9-1612,macrophage
9-1613,macrophage
9-1614,macrophage
9-1615,fibroblast
9-1616,neutrophil
9-1617,neutrophil
9-1618,NK
9-1619,fibroblast
9-1620,NK
9-1621,neutrophil
9-1622,B-cell
9-1623,tumor
9-1624,neutrophil
9-1625,B-cell
9-1626,fibroblast
9-1627,macrophage
9-1628,neutrophil
9-1629,tumor
9-1630,neutrophil
9-1631,neutrophil
9-1632,neutrophil
9-1633,macrophage
9-1634,tumor
9-1635,endothelial
9-1636,fibroblast
9-1637,B-cell
9-1638,endothelial
9-1639,macrophage
9-1640,plasmablast
9-1641,fibroblast
9-1642,epithelial
9-1643,endothelial
9-1644,neutrophil
9-1645,neutrophil
9-1646,epithelial
9-1647,fibroblast
9-1648,neutrophil
9-1649,macrophage
9-1650,monocyte
9-1651,tumor
9-1652,B-cell
9-1653,T CD8 naive
9-1654,neutrophil
9-1655,macrophage
9-1656,macrophage
9-1657,B-cell
9-1658,T CD4 naive
9-1659,neutrophil
9-1660,fibroblast
9-1661,mDC
9-1662,neutrophil
9-1663,tumor
9-1664,fibroblast
9-1665,T CD4 naive
9-1666,endothelial
9-1667,plasmablast
9-1668,neutrophil
9-1669,tumor
9-1670,macrophage
9-1671,tumor
9-1672,tumor
9-1673,endothelial
9-1674,neutrophil
9-1675,fibroblast
9-1676,plasmablast
9-1677,macrophage
9-1678,endothelial
9-1679,neutrophil
9-1680,macrophage
9-1681,macrophage
9-1682,endothelial
9-1683,neutrophil
9-1684,plasmablast
9-1685,epithelial
9-1686,T CD8 naive
9-1687,endothelial
9-1688,pDC
9-1689,tumor
9-1690,fibroblast
9-1691,fibroblast
9-1692,T CD8 naive
9-1693,fibroblast
9-1694,neutrophil
9-1695,macrophage
9-1696,tumor
9-1697,macrophage
9-1698,tumor
9-1699,macrophage
9-1700,endothelial
9-1701,tumor
9-1702,neutrophil
9-1703,neutrophil
9-1704,tumor
9-1705,neutrophil
9-1706,tumor
9-1707,macrophage
9-1708,mast
9-1709,neutrophil
9-1710,mast
9-1711,mDC
9-1712,mDC
9-1713,plasmablast
9-1714,macrophage
9-1715,neutrophil
9-1716,neutrophil
9-1717,neutrophil
9-1718,neutrophil
9-1719,neutrophil
9-1720,endothelial
9-1721,neutrophil
9-1722,endothelial
9-1723,macrophage
9-1724,neutrophil
9-1725,neutrophil
9-1726,plasmablast
9-1727,neutrophil
9-1728,macrophage
9-1729,neutrophil
9-1730,neutrophil
9-1731,endothelial
9-1732,neutrophil
9-1733,epithelial
9-1734,tumor
9-1735,neutrophil
9-1736,neutrophil
9-1737,endothelial
9-1738,tumor
9-1739,endothelial
9-1740,tumor
9-1741,mast
9-1742,tumor
9-1743,neutrophil
9-1744,T CD8 naive
9-1745,neutrophil
9-1746,neutrophil
9-1747,neutrophil
9-1748,endothelial
9-1749,fibroblast
9-1750,neutrophil
9-1751,neutrophil
9-1752,T CD4 naive
9-1753,NK
9-1754,macrophage
9-1755,endothelial
9-1756,plasmablast
9-1757,neutrophil
9-1758,neutrophil
9-1759,tumor
9-1760,neutrophil
9-1761,macrophage
9-1762,neutrophil
9-1763,neutrophil
9-1764,macrophage
9-1765,T CD4 naive
9-1766,endothelial
9-1767,mDC
9-1768,neutrophil
9-1769,NK
9-1770,epithelial
9-1771,macrophage
9-1772,tumor
9-1773,macrophage
9-1774,T CD4 naive
9-1775,NK
9-1776,endothelial
9-1777,neutrophil
9-1778,neutrophil
9-1779,neutrophil
9-1780,endothelial
9-1781,neutrophil
9-1782,neutrophil
9-1783,tumor
9-1784,T CD4 naive
9-1785,neutrophil
9-1786,plasmablast
9-1787,tumor
9-1788,neutrophil
9-1789,fibroblast
9-1790,tumor
9-1791,neutrophil
9-1792,macrophage
9-1793,epithelial
9-1794,neutrophil
9-1795,neutrophil
9-1796,fibroblast
9-1797,endothelial
9-1799,mDC
9-1800,endothelial
9-1801,neutrophil
9-1802,neutrophil
9-1803,neutrophil
9-1804,neutrophil
9-1805,macrophage
9-1806,T CD4 naive
9-1807,neutrophil
9-1808,T CD4 naive
9-1809,NK
9-1810,T CD4 naive
9-1811,mast
9-1812,endothelial
9-1813,epithelial
9-1814,endothelial
9-1815,mDC
9-1816,neutrophil
9-1817,mDC
9-1818,neutrophil
9-1819,tumor
9-1820,macrophage
9-1821,macrophage
9-1822,fibroblast
9-1823,macrophage
9-1824,neutrophil
9-1825,neutrophil
9-1826,epithelial
9-1828,tumor
9-1829,fibroblast
9-1830,tumor
9-1831,tumor
9-1832,mast
9-1833,macrophage
9-1834,neutrophil
9-1835,neutrophil
9-1836,macrophage
9-1837,NK
9-1838,fibroblast
9-1839,neutrophil
9-1840,neutrophil
9-1841,neutrophil
9-1842,macrophage
9-1843,macrophage
9-1844,macrophage
9-1845,T CD4 naive
9-1846,tumor
9-1847,tumor
9-1848,macrophage
9-1849,endothelial
9-1850,macrophage
9-1851,mDC
9-1852,neutrophil
9-1853,fibroblast
9-1854,T CD4 naive
9-1855,tumor
9-1856,tumor
9-1857,macrophage
9-1858,neutrophil
9-1859,neutrophil
9-1860,neutrophil
9-1861,T CD4 naive
9-1862,endothelial
9-1863,fibroblast
9-1864,macrophage
9-1865,tumor
9-1866,epithelial
9-1867,epithelial
9-1868,neutrophil
9-1869,fibroblast
9-1870,fibroblast
9-1871,pDC
9-1872,mDC
9-1873,fibroblast
9-1874,pDC
9-1875,NK
9-1876,plasmablast
9-1877,macrophage
9-1878,neutrophil
9-1879,macrophage
9-1880,epithelial
9-1881,fibroblast
9-1882,macrophage
9-1883,fibroblast
9-1884,macrophage
9-1885,fibroblast
9-1886,plasmablast
9-1887,tumor
9-1888,neutrophil
9-1889,mDC
9-1890,macrophage
9-1891,neutrophil
9-1892,NK
9-1893,NK
9-1894,tumor
9-1895,NK
9-1896,macrophage
9-1897,neutrophil
9-1898,neutrophil
9-1899,macrophage
9-1900,T CD4 naive
9-1901,endothelial
9-1902,tumor
9-1903,neutrophil
9-1904,fibroblast
9-1905,tumor
9-1906,T CD4 naive
9-1907,T CD4 naive
9-1908,mDC
9-1909,macrophage
9-1910,fibroblast
9-1911,NK
9-1912,tumor
9-1913,mDC
9-1914,macrophage
9-1915,epithelial
9-1916,T CD8 naive
9-1917,tumor
9-1918,macrophage
9-1919,T CD4 naive
9-1920,fibroblast
9-1921,macrophage
9-1922,neutrophil
9-1923,macrophage
9-1924,neutrophil
9-1925,tumor
9-1926,neutrophil
9-1927,endothelial
9-1928,tumor
9-1929,neutrophil
9-1930,mast
9-1931,macrophage
9-1932,tumor
9-1933,epithelial
9-1934,neutrophil
9-1935,tumor
9-1936,T CD8 naive
9-1937,neutrophil
9-1938,macrophage
9-1939,macrophage
9-1940,plasmablast
9-1941,tumor
9-1942,fibroblast
9-1943,macrophage
9-1944,neutrophil
9-1945,tumor
9-1946,tumor
9-1947,epithelial
9-1948,B-cell
9-1949,T CD4 naive
9-1950,monocyte
9-1951,tumor
9-1952,neutrophil
9-1953,tumor
9-1954,endothelial
9-1955,neutrophil
9-1956,endothelial
9-1957,endothelial
9-1958,B-cell
9-1959,neutrophil
9-1960,fibroblast
9-1961,neutrophil
9-1962,epithelial
9-1963,neutrophil
9-1964,neutrophil
9-1965,mDC
9-1966,tumor
9-1967,mDC
9-1968,fibroblast
9-1969,tumor
9-1970,macrophage
9-1971,macrophage
9-1972,tumor
9-1973,macrophage
9-1974,monocyte
9-1975,macrophage
9-1977,neutrophil
9-1978,neutrophil
9-1979,macrophage
9-1980,endothelial
9-1981,epithelial
9-1982,mDC
9-1983,fibroblast
9-1984,neutrophil
9-1985,macrophage
9-1986,neutrophil
9-1987,endothelial
9-1988,endothelial
9-1989,mDC
9-1990,tumor
9-1991,neutrophil
9-1992,tumor
9-1993,mDC
9-1994,endothelial
9-1995,T CD8 naive
9-1996,mast
9-1997,tumor
9-1998,neutrophil
9-1999,neutrophil
9-2000,tumor
9-2001,tumor
9-2002,tumor
9-2003,fibroblast
9-2004,B-cell
9-2005,mast
9-2006,monocyte
9-2007,macrophage
9-2008,neutrophil
9-2009,fibroblast
9-2010,epithelial
9-2011,tumor
9-2012,neutrophil
9-2013,macrophage
9-2014,macrophage
9-2015,macrophage
9-2016,endothelial
9-2017,fibroblast
9-2018,macrophage
9-2020,endothelial
9-2021,mast
9-2022,macrophage
9-2023,macrophage
9-2024,neutrophil
9-2025,macrophage
9-2026,tumor
9-2027,neutrophil
9-2028,fibroblast
9-2029,macrophage
9-2030,tumor
9-2031,tumor
9-2032,T CD4 naive
9-2033,neutrophil
9-2034,fibroblast
9-2035,macrophage
9-2036,macrophage
9-2037,mDC
9-2038,neutrophil
9-2039,macrophage
9-2040,B-cell
9-2041,endothelial
9-2042,endothelial
9-2043,neutrophil
9-2044,neutrophil
9-2045,endothelial
9-2046,endothelial
9-2047,endothelial
9-2048,neutrophil
9-2049,T CD4 naive
9-2050,NK
9-2051,macrophage
9-2052,macrophage
9-2053,B-cell
9-2054,endothelial
9-2055,mDC
9-2056,neutrophil
9-2057,neutrophil
9-2058,macrophage
9-2059,tumor
9-2060,neutrophil
9-2061,tumor
9-2062,neutrophil
9-2063,neutrophil
9-2064,epithelial
9-2065,neutrophil
9-2066,endothelial
9-2067,endothelial
9-2068,tumor
9-2069,tumor
9-2070,tumor
9-2071,epithelial
9-2072,neutrophil
9-2073,neutrophil
9-2074,endothelial
9-2075,neutrophil
9-2076,macrophage
9-2077,endothelial
9-2078,mDC
9-2079,macrophage
9-2080,mDC
9-2081,tumor
9-2082,endothelial
9-2083,tumor
9-2084,B-cell
9-2085,endothelial
9-2086,neutrophil
9-2087,T CD4 naive
9-2089,epithelial
9-2090,macrophage
9-2091,endothelial
9-2092,fibroblast
9-2093,B-cell
9-2094,neutrophil
9-2095,neutrophil
9-2096,macrophage
9-2097,macrophage
9-2098,neutrophil
9-2099,tumor
9-2100,fibroblast
9-2101,mast
9-2102,endothelial
9-2103,endothelial
9-2104,neutrophil
9-2105,macrophage
9-2106,endothelial
9-2107,macrophage
9-2108,macrophage
9-2109,endothelial
9-2110,endothelial
9-2111,neutrophil
9-2112,macrophage
9-2113,endothelial
9-2114,mDC
9-2115,tumor
9-2116,tumor
9-2117,epithelial
9-2118,B-cell
9-2119,macrophage
9-2120,neutrophil
9-2121,neutrophil
9-2122,mDC
9-2123,macrophage
9-2124,neutrophil
9-2125,fibroblast
9-2126,neutrophil
9-2127,mDC
9-2128,T CD8 naive
9-2129,neutrophil
9-2130,fibroblast
9-2131,T CD4 naive
9-2132,neutrophil
9-2133,macrophage
9-2134,macrophage
9-2135,tumor
9-2136,B-cell
9-2137,epithelial
9-2138,macrophage
9-2139,T CD4 naive
9-2140,macrophage
9-2141,neutrophil
9-2142,neutrophil
9-2143,tumor
9-2144,T CD4 naive
9-2145,macrophage
9-2146,neutrophil
9-2147,mDC
9-2148,tumor
9-2149,endothelial
9-2150,macrophage
9-2151,fibroblast
9-2152,neutrophil
9-2153,neutrophil
9-2155,fibroblast
9-2156,tumor
9-2157,epithelial
9-2158,macrophage
9-2159,endothelial
9-2161,T CD4 naive
9-2162,neutrophil
9-2163,tumor
9-2164,NK
9-2165,macrophage
9-2166,pDC
9-2167,macrophage
9-2168,endothelial
9-2169,neutrophil
9-2170,epithelial
9-2171,B-cell
9-2172,macrophage
9-2173,neutrophil
9-2174,neutrophil
9-2175,endothelial
9-2176,neutrophil
9-2177,B-cell
9-2178,neutrophil
9-2179,neutrophil
9-2180,neutrophil
9-2181,neutrophil
9-2182,neutrophil
9-2183,mast
9-2184,neutrophil
9-2185,neutrophil
9-2186,macrophage
9-2187,fibroblast
9-2188,pDC
9-2189,tumor
9-2190,neutrophil
9-2191,neutrophil
9-2192,macrophage
9-2193,neutrophil
9-2194,endothelial
9-2195,mast
9-2196,B-cell
9-2197,macrophage
9-2198,endothelial
9-2199,epithelial
9-2200,tumor
9-2201,B-cell
9-2202,neutrophil
9-2203,fibroblast
9-2204,neutrophil
9-2205,neutrophil
9-2206,neutrophil
9-2207,neutrophil
9-2208,neutrophil
9-2209,tumor
9-2210,neutrophil
9-2211,neutrophil
9-2212,epithelial
9-2213,B-cell
9-2215,epithelial
9-2216,tumor
9-2217,T CD4 naive
9-2218,neutrophil
9-2219,mDC
9-2220,NK
9-2221,plasmablast
9-2222,tumor
9-2223,neutrophil
9-2224,neutrophil
9-2225,endothelial
9-2226,neutrophil
9-2227,epithelial
9-2228,tumor
9-2229,neutrophil
9-2230,neutrophil
9-2231,pDC
9-2232,neutrophil
9-2233,mast
9-2234,fibroblast
9-2235,macrophage
9-2236,mDC
9-2237,fibroblast
9-2238,endothelial
9-2239,neutrophil
9-2240,T CD8 naive
9-2241,macrophage
9-2242,fibroblast
9-2243,macrophage
9-2244,tumor
9-2245,fibroblast
9-2246,macrophage
9-2247,epithelial
9-2249,B-cell
9-2250,NK
9-2251,macrophage
9-2252,epithelial
9-2253,tumor
9-2254,neutrophil
9-2255,macrophage
9-2256,macrophage
9-2257,macrophage
9-2258,mDC
9-2259,tumor
9-2260,B-cell
9-2261,neutrophil
9-2262,neutrophil
9-2263,mast
9-2264,mDC
9-2265,tumor
9-2266,macrophage
9-2267,T CD8 naive
9-2268,neutrophil
9-2269,macrophage
9-2270,mast
9-2271,tumor
9-2272,fibroblast
9-2273,mDC
9-2274,NK
9-2275,T CD4 naive
9-2276,epithelial
9-2277,tumor
9-2278,T CD4 naive
9-2279,endothelial
9-2280,neutrophil
9-2281,macrophage
9-2282,macrophage
9-2283,neutrophil
9-2284,mast
9-2285,B-cell
9-2286,T CD4 naive
9-2287,pDC
9-2288,tumor
9-2289,neutrophil
9-2290,macrophage
9-2291,macrophage
9-2292,fibroblast
9-2293,B-cell
9-2294,plasmablast
9-2295,macrophage
9-2296,macrophage
9-2297,T CD4 naive
9-2298,fibroblast
9-2299,pDC
9-2300,macrophage
9-2301,endothelial
9-2302,plasmablast
9-2303,fibroblast
9-2304,macrophage
9-2305,T CD8 naive
9-2306,B-cell
9-2307,fibroblast
9-2308,macrophage
9-2309,macrophage
9-2310,neutrophil
9-2311,fibroblast
9-2312,monocyte
9-2313,macrophage
9-2314,B-cell
9-2315,tumor
9-2316,fibroblast
9-2317,fibroblast
9-2318,fibroblast
9-2319,B-cell
9-2320,fibroblast
9-2321,B-cell
9-2322,macrophage
9-2323,fibroblast
9-2324,B-cell
9-2325,neutrophil
9-2326,epithelial
9-2327,T CD4 naive
9-2328,macrophage
9-2329,macrophage
9-2330,fibroblast
9-2331,fibroblast
9-2332,macrophage
9-2333,endothelial
9-2334,macrophage
9-2335,neutrophil
9-2336,neutrophil
9-2337,neutrophil
9-2338,neutrophil
9-2339,pDC
9-2340,T CD8 naive
9-2341,plasmablast
9-2342,mDC
9-2343,neutrophil
9-2344,neutrophil
9-2345,mDC
9-2346,T CD4 memory
9-2347,epithelial
9-2348,B-cell
9-2349,mDC
9-2350,neutrophil
9-2351,neutrophil
9-2352,T CD4 naive
9-2353,endothelial
9-2354,mDC
9-2355,endothelial
9-2356,B-cell
9-2357,tumor
9-2358,mDC
9-2359,T CD8 naive
9-2360,tumor
9-2361,B-cell
9-2362,macrophage
9-2363,fibroblast
9-2364,plasmablast
9-2365,B-cell
9-2366,B-cell
9-2367,neutrophil
9-2368,neutrophil
9-2369,tumor
9-2370,endothelial
9-2371,endothelial
9-2372,T CD4 naive
9-2373,neutrophil
9-2374,endothelial
9-2375,neutrophil
9-2376,neutrophil
9-2377,neutrophil
9-2379,endothelial
9-2380,T CD4 naive
9-2381,T CD8 naive
9-2382,fibroblast
9-2383,tumor
9-2384,macrophage
9-2385,B-cell
9-2386,tumor
9-2387,endothelial
9-2388,neutrophil
9-2389,neutrophil
9-2390,plasmablast
9-2391,neutrophil
9-2392,fibroblast
9-2393,macrophage
9-2394,macrophage
9-2395,tumor
9-2396,mDC
9-2397,B-cell
9-2398,epithelial
9-2399,endothelial
9-2400,epithelial
9-2401,endothelial
9-2402,plasmablast
9-2403,endothelial
9-2404,epithelial
9-2405,endothelial
9-2406,macrophage
9-2408,neutrophil
9-2409,mast
9-2410,B-cell
9-2411,mast
9-2412,neutrophil
9-2413,B-cell
9-2414,endothelial
9-2415,plasmablast
9-2416,endothelial
9-2417,macrophage
9-2418,T CD4 naive
9-2419,B-cell
9-2421,monocyte
9-2422,neutrophil
9-2423,macrophage
9-2424,endothelial
9-2425,neutrophil
9-2426,mDC
9-2427,neutrophil
9-2428,neutrophil
9-2429,NK
9-2430,endothelial
9-2431,mDC
9-2432,fibroblast
9-2433,T CD4 naive
9-2434,neutrophil
9-2435,macrophage
9-2436,mast
9-2437,fibroblast
9-2438,tumor
9-2439,B-cell
9-2440,B-cell
9-2441,B-cell
9-2442,neutrophil
9-2443,B-cell
9-2444,fibroblast
9-2445,B-cell
9-2446,neutrophil
9-2447,macrophage
9-2448,T CD4 naive
9-2449,B-cell
9-2450,fibroblast
9-2451,plasmablast
9-2452,NK
9-2453,tumor
9-2454,T CD4 naive
9-2455,macrophage
9-2456,neutrophil
9-2457,B-cell
9-2458,fibroblast
9-2459,T CD4 naive
9-2460,neutrophil
9-2461,neutrophil
9-2462,fibroblast
9-2463,B-cell
9-2464,neutrophil
9-2465,B-cell
9-2466,macrophage
9-2467,neutrophil
9-2468,fibroblast
9-2469,B-cell
9-2470,macrophage
9-2471,T CD8 naive
9-2472,macrophage
9-2473,B-cell
9-2474,fibroblast
9-2475,B-cell
9-2476,epithelial
9-2477,macrophage
9-2478,T CD4 naive
9-2479,tumor
9-2480,neutrophil
9-2481,neutrophil
9-2482,fibroblast
9-2483,fibroblast
9-2484,B-cell
9-2485,T CD4 naive
9-2486,endothelial
9-2487,B-cell
9-2488,macrophage
9-2489,macrophage
9-2490,T CD8 naive
9-2491,macrophage
9-2492,macrophage
9-2493,fibroblast
9-2494,tumor
9-2495,T CD4 naive
9-2496,neutrophil
9-2497,B-cell
9-2498,tumor
9-2499,T CD8 naive
9-2500,macrophage
9-2501,T CD4 naive
9-2502,tumor
9-2503,mast
9-2504,mDC
9-2505,endothelial
9-2506,neutrophil
9-2507,epithelial
9-2508,tumor
9-2509,plasmablast
9-2510,macrophage
9-2511,macrophage
9-2512,fibroblast
9-2513,neutrophil
9-2514,pDC
9-2515,endothelial
9-2516,B-cell
9-2517,B-cell
9-2518,macrophage
9-2519,neutrophil
9-2520,fibroblast
9-2521,T CD4 naive
9-2522,fibroblast
9-2523,neutrophil
9-2524,fibroblast
9-2525,B-cell
9-2526,T CD4 naive
9-2527,macrophage
9-2528,neutrophil
9-2529,mast
9-2530,tumor
9-2531,fibroblast
9-2532,macrophage
9-2533,pDC
9-2534,B-cell
9-2535,NK
9-2536,macrophage
9-2537,neutrophil
9-2538,neutrophil
9-2539,B-cell
9-2540,B-cell
9-2541,B-cell
9-2542,tumor
9-2543,macrophage
9-2544,endothelial
9-2545,B-cell
9-2546,tumor
9-2547,B-cell
9-2548,B-cell
9-2549,macrophage
9-2550,mast
9-2551,fibroblast
9-2552,B-cell
9-2553,macrophage
9-2554,T CD8 naive
9-2555,B-cell
9-2556,T CD4 naive
9-2557,B-cell
9-2558,pDC
9-2559,macrophage
9-2560,tumor
9-2561,tumor
9-2562,B-cell
9-2563,macrophage
9-2564,B-cell
9-2565,endothelial
9-2566,B-cell
9-2567,T CD8 naive
9-2568,B-cell
9-2569,neutrophil
9-2570,epithelial
9-2571,macrophage
9-2572,T CD4 naive
9-2573,mDC
9-2574,fibroblast
9-2575,NK
9-2576,endothelial
9-2577,tumor
9-2578,macrophage
9-2579,endothelial
9-2580,fibroblast
9-2581,T CD4 naive
9-2582,tumor
9-2583,macrophage
9-2584,epithelial
9-2585,tumor
9-2586,fibroblast
9-2587,B-cell
9-2588,macrophage
9-2589,neutrophil
9-2590,pDC
9-2591,tumor
9-2592,neutrophil
9-2593,B-cell
9-2594,mast
9-2595,NK
9-2596,B-cell
9-2597,epithelial
9-2598,fibroblast
9-2599,T CD4 naive
9-2600,B-cell
9-2601,B-cell
9-2602,tumor
9-2603,B-cell
9-2604,plasmablast
9-2605,fibroblast
9-2606,B-cell
9-2608,tumor
9-2609,macrophage
9-2610,endothelial
9-2611,macrophage
9-2612,pDC
9-2613,neutrophil
9-2614,neutrophil
9-2615,macrophage
9-2616,T CD4 naive
9-2617,mDC
9-2618,B-cell
9-2619,neutrophil
9-2620,B-cell
9-2621,fibroblast
9-2622,mast
9-2623,plasmablast
9-2624,epithelial
9-2625,macrophage
9-2626,fibroblast
9-2627,epithelial
9-2628,mDC
9-2629,T CD4 naive
9-2630,T CD4 naive
9-2631,epithelial
9-2632,neutrophil
9-2633,pDC
9-2634,fibroblast
9-2635,B-cell
9-2636,tumor
9-2637,neutrophil
9-2638,neutrophil
9-2639,endothelial
9-2640,pDC
9-2641,B-cell
9-2642,neutrophil
9-2643,T CD8 naive
9-2644,pDC
9-2645,B-cell
9-2646,macrophage
9-2647,endothelial
9-2648,macrophage
9-2649,macrophage
9-2650,plasmablast
9-2651,T CD8 naive
9-2652,B-cell
9-2653,neutrophil
9-2654,B-cell
9-2655,epithelial
9-2656,B-cell
9-2657,fibroblast
9-2658,T CD4 naive
9-2659,macrophage
9-2660,epithelial
9-2661,B-cell
9-2662,macrophage
9-2663,macrophage
9-2664,macrophage
9-2665,B-cell
9-2666,macrophage
9-2667,fibroblast
9-2668,B-cell
9-2669,macrophage
9-2670,fibroblast
9-2671,neutrophil
9-2672,neutrophil
9-2673,endothelial
9-2674,T CD4 naive
9-2675,mast
9-2676,fibroblast
9-2677,B-cell
9-2678,T CD4 naive
9-2679,fibroblast
9-2680,pDC
9-2681,neutrophil
9-2682,B-cell
9-2683,T CD4 naive
9-2684,pDC
9-2685,B-cell
9-2686,endothelial
9-2687,fibroblast
9-2688,fibroblast
9-2689,macrophage
9-2690,fibroblast
9-2691,B-cell
9-2692,tumor
9-2693,fibroblast
9-2694,tumor
9-2695,epithelial
9-2696,macrophage
9-2697,macrophage
9-2698,neutrophil
9-2699,macrophage
9-2700,epithelial
9-2701,B-cell
9-2702,macrophage
9-2703,fibroblast
9-2705,fibroblast
9-2706,macrophage
9-2707,macrophage
9-2708,pDC
9-2709,macrophage
9-2710,fibroblast
9-2711,T CD4 naive
9-2712,T CD4 naive
9-2713,macrophage
9-2714,T CD8 naive
9-2715,B-cell
9-2716,macrophage
9-2717,macrophage
9-2718,B-cell
9-2719,B-cell
9-2720,plasmablast
9-2721,B-cell
9-2722,mDC
9-2723,T CD4 naive
9-2724,T CD8 naive
9-2725,T CD4 naive
9-2726,macrophage
9-2727,epithelial
9-2728,epithelial
9-2729,mDC
9-2730,neutrophil
9-2731,neutrophil
9-2732,macrophage
9-2733,pDC
9-2734,macrophage
9-2735,macrophage
9-2736,fibroblast
9-2737,B-cell
9-2738,NK
9-2739,endothelial
9-2740,plasmablast
9-2741,pDC
9-2742,macrophage
9-2743,macrophage
9-2744,macrophage
9-2745,T CD4 naive
9-2746,mDC
9-2747,plasmablast
9-2748,plasmablast
9-2750,mDC
9-2751,B-cell
9-2752,neutrophil
9-2753,fibroblast
9-2754,T CD4 memory
9-2755,B-cell
9-2756,endothelial
9-2757,T CD4 naive
9-2758,T CD4 naive
9-2759,T CD4 memory
9-2760,neutrophil
9-2761,epithelial
9-2762,T CD4 naive
9-2763,neutrophil
9-2764,plasmablast
9-2765,B-cell
9-2766,epithelial
9-2767,plasmablast
9-2768,fibroblast
9-2769,macrophage
9-2770,mDC
9-2771,NK
9-2772,epithelial
9-2773,plasmablast
9-2774,epithelial
9-2775,B-cell
9-2776,fibroblast
9-2777,B-cell
9-2778,macrophage
9-2779,B-cell
9-2780,epithelial
9-2781,epithelial
9-2782,neutrophil
9-2783,B-cell
9-2784,macrophage
9-2785,fibroblast
9-2786,endothelial
9-2787,pDC
9-2788,fibroblast
9-2792,mast
9-2795,neutrophil
9-2796,fibroblast
9-2797,T CD4 naive
9-2798,fibroblast
9-2799,neutrophil
9-2800,T CD8 naive
9-2803,macrophage
9-2804,neutrophil
9-2805,fibroblast
9-2807,neutrophil
9-2809,neutrophil
9-2810,macrophage
9-2811,fibroblast
9-2812,neutrophil
9-2813,neutrophil
9-2814,epithelial
9-2815,fibroblast
9-2816,neutrophil
9-2817,macrophage
9-2818,macrophage
9-2819,neutrophil
9-2820,epithelial
9-2821,mast
9-2822,neutrophil
9-2823,B-cell
9-2824,neutrophil
9-2825,neutrophil
9-2826,neutrophil
9-2827,B-cell
9-2828,B-cell
9-2829,NK
9-2830,fibroblast
9-2831,plasmablast
9-2832,neutrophil
9-2833,endothelial
9-2834,endothelial
9-2835,neutrophil
9-2836,neutrophil
9-2837,fibroblast
9-2838,T CD4 naive
9-2839,epithelial
9-2840,macrophage
9-2841,endothelial
9-2842,mast
9-2844,neutrophil
9-2845,neutrophil
9-2846,neutrophil
9-2847,endothelial
9-2848,fibroblast
9-2849,macrophage
9-2850,neutrophil
9-2851,endothelial
9-2852,T CD4 naive
9-2853,macrophage
9-2854,macrophage
9-2855,macrophage
9-2856,neutrophil
9-2857,neutrophil
9-2858,neutrophil
9-2859,neutrophil
9-2860,mast
9-2861,NK
9-2862,neutrophil
9-2863,endothelial
9-2864,mast
9-2865,neutrophil
9-2866,endothelial
9-2867,NK
9-2868,neutrophil
9-2869,neutrophil
9-2870,endothelial
9-2871,neutrophil
9-2872,endothelial
9-2873,neutrophil
9-2874,fibroblast
9-2875,NK
9-2876,T CD4 naive
9-2877,neutrophil
9-2878,fibroblast
9-2879,mast
9-2880,endothelial
9-2881,mast
9-2882,endothelial
9-2883,epithelial
9-2885,macrophage
9-2886,endothelial
9-2887,macrophage
9-2888,neutrophil
9-2889,T CD4 naive
9-2890,endothelial
9-2891,fibroblast
9-2892,T CD4 naive
9-2893,endothelial
9-2894,neutrophil
9-2895,endothelial
9-2896,macrophage
9-2897,T CD4 naive
9-2898,T CD4 naive
9-2899,endothelial
9-2900,endothelial
9-2902,tumor
9-2903,endothelial
9-2904,neutrophil
9-2905,neutrophil
9-2906,T CD4 naive
9-2907,B-cell
9-2908,B-cell
9-2909,mast
9-2910,endothelial
9-2911,neutrophil
9-2912,macrophage
9-2913,epithelial
9-2914,NK
9-2915,T CD4 naive
9-2916,monocyte
9-2917,endothelial
9-2918,endothelial
9-2919,T CD4 naive
9-2920,neutrophil
9-2921,neutrophil
9-2922,macrophage
9-2923,endothelial
9-2924,mast
9-2925,fibroblast
9-2926,endothelial
9-2927,macrophage
9-2928,neutrophil
9-2929,neutrophil
9-2930,mast
9-2931,neutrophil
9-2932,fibroblast
9-2933,mast
9-2934,neutrophil
9-2935,neutrophil
9-2936,neutrophil
9-2937,macrophage
9-2938,neutrophil
9-2940,fibroblast
9-2941,neutrophil
9-2942,neutrophil
9-2943,T CD4 naive
9-2944,neutrophil
9-2945,neutrophil
9-2946,neutrophil
9-2947,neutrophil
9-2948,endothelial
9-2949,neutrophil
9-2950,neutrophil
9-2951,neutrophil
9-2952,mast
9-2953,macrophage
9-2954,endothelial
9-2955,epithelial
9-2956,endothelial
9-2957,fibroblast
9-2958,NK
9-2959,mDC
9-2960,fibroblast
9-2961,fibroblast
9-2962,epithelial
9-2963,T CD4 naive
9-2964,epithelial
9-2965,T CD4 naive
9-2966,fibroblast
9-2967,neutrophil
9-2968,B-cell
9-2969,macrophage
9-2970,endothelial
9-2971,mast
9-2972,neutrophil
9-2973,pDC
9-2974,T CD4 naive
9-2975,endothelial
9-2976,fibroblast
9-2977,pDC
9-2978,mast
9-2979,fibroblast
9-2980,mDC
9-2981,mast
9-2982,fibroblast
9-2983,macrophage
9-2984,neutrophil
9-2985,endothelial
9-2986,endothelial
9-2987,mast
9-2988,macrophage
9-2989,endothelial
9-2990,endothelial
9-2991,fibroblast
9-2992,macrophage
9-2993,epithelial
9-2994,B-cell
9-2995,T CD4 naive
9-2996,neutrophil
9-2997,endothelial
9-2998,T CD4 naive
9-2999,plasmablast
9-3000,T CD4 naive
9-3001,endothelial
9-3002,neutrophil
9-3003,T CD4 naive
9-3004,endothelial
9-3005,endothelial
9-3006,neutrophil
9-3007,endothelial
9-3008,fibroblast
9-3009,macrophage
9-3010,mast
9-3011,plasmablast
9-3012,B-cell
9-3013,neutrophil
9-3015,neutrophil
9-3016,fibroblast
9-3017,T CD4 naive
9-3018,fibroblast
9-3020,fibroblast
9-3021,T CD4 naive
9-3022,neutrophil
9-3023,endothelial
9-3024,endothelial
9-3026,macrophage
9-3027,fibroblast
9-3028,pDC
9-3029,tumor
9-3030,T CD4 naive
9-3031,neutrophil
9-3032,fibroblast
9-3033,T CD8 naive
9-3034,T CD4 naive
9-3035,macrophage
9-3036,B-cell
9-3037,fibroblast
9-3038,neutrophil
9-3039,macrophage
9-3040,B-cell
9-3041,fibroblast
9-3042,B-cell
9-3043,fibroblast
9-3044,T CD4 naive
9-3045,T CD4 naive
9-3046,fibroblast
9-3047,mast
9-3048,T CD4 naive
9-3049,fibroblast
9-3050,endothelial
9-3051,mast
9-3052,neutrophil
9-3053,fibroblast
9-3054,epithelial
9-3055,neutrophil
9-3056,neutrophil
9-3057,endothelial
9-3058,neutrophil
9-3059,fibroblast
9-3060,tumor
9-3061,B-cell
9-3062,macrophage
9-3063,neutrophil
9-3064,B-cell
9-3065,macrophage
9-3066,pDC
9-3067,neutrophil
9-3068,neutrophil
9-3069,fibroblast
9-3070,tumor
9-3071,mDC
9-3072,NK
9-3073,tumor
9-3075,pDC
9-3076,fibroblast
9-3077,tumor
9-3078,neutrophil
9-3079,neutrophil
9-3080,fibroblast
9-3081,tumor
9-3082,tumor
9-3083,tumor
9-3084,tumor
9-3085,fibroblast
9-3086,mDC
9-3087,tumor
9-3088,endothelial
9-3089,neutrophil
9-3090,mDC
9-3091,plasmablast
9-3092,neutrophil
9-3093,fibroblast
9-3094,T CD4 naive
9-3095,tumor
9-3096,tumor
9-3097,endothelial
9-3098,B-cell
9-3099,fibroblast
9-3100,NK
9-3101,endothelial
9-3102,neutrophil
9-3103,fibroblast
9-3104,neutrophil
9-3105,monocyte
9-3106,endothelial
9-3107,fibroblast
9-3108,fibroblast
9-3109,neutrophil
9-3110,neutrophil
9-3111,fibroblast
9-3112,epithelial
9-3113,tumor
9-3114,mast
9-3115,fibroblast
9-3116,tumor
9-3117,macrophage
9-3118,macrophage
9-3119,neutrophil
9-3120,endothelial
9-3121,epithelial
9-3122,neutrophil
9-3123,fibroblast
9-3124,B-cell
9-3125,mast
9-3126,epithelial
9-3127,fibroblast
9-3128,fibroblast
9-3129,mast
9-3130,endothelial
9-3131,macrophage
9-3132,neutrophil
9-3133,neutrophil
9-3134,fibroblast
9-3135,monocyte
9-3136,neutrophil
9-3137,neutrophil
9-3138,fibroblast
9-3139,macrophage
9-3140,tumor
9-3141,neutrophil
9-3142,tumor
9-3143,macrophage
9-3144,neutrophil
9-3145,neutrophil
9-3146,fibroblast
9-3147,endothelial
9-3148,fibroblast
9-3149,fibroblast
9-3150,fibroblast
9-3151,neutrophil
9-3152,fibroblast
9-3153,neutrophil
9-3154,fibroblast
9-3155,neutrophil
9-3156,endothelial
9-3157,endothelial
9-3158,fibroblast
9-3159,tumor
9-3160,mast
9-3161,T CD4 naive
9-3162,mDC
9-3163,macrophage
9-3164,T CD4 naive
9-3165,fibroblast
9-3166,fibroblast
9-3167,epithelial
9-3168,fibroblast
9-3169,plasmablast
9-3170,fibroblast
9-3171,B-cell
9-3172,macrophage
9-3173,fibroblast
9-3174,mast
9-3175,tumor
9-3176,mDC
9-3177,T CD4 naive
9-3178,mDC
9-3179,endothelial
9-3180,endothelial
9-3181,B-cell
9-3182,T CD8 naive
9-3183,tumor
9-3184,mast
9-3185,neutrophil
9-3186,tumor
9-3187,fibroblast
9-3188,endothelial
9-3189,tumor
9-3190,macrophage
9-3191,T CD4 memory
9-3192,neutrophil
9-3193,fibroblast
9-3194,fibroblast
9-3195,endothelial
9-3196,fibroblast
9-3197,endothelial
9-3198,fibroblast
9-3199,endothelial
9-3200,endothelial
9-3201,fibroblast
9-3202,mDC
9-3203,fibroblast
9-3204,neutrophil
9-3205,neutrophil
9-3206,mast
9-3207,fibroblast
9-3208,epithelial
9-3209,mDC
9-3210,macrophage
9-3211,endothelial
9-3212,tumor
9-3213,T CD8 naive
9-3214,T CD4 naive
9-3215,neutrophil
9-3216,Treg
9-3217,neutrophil
9-3218,NK
9-3219,fibroblast
9-3220,fibroblast
9-3221,tumor
9-3222,fibroblast
9-3223,fibroblast
9-3224,endothelial
9-3225,endothelial
9-3227,endothelial
9-3228,B-cell
9-3230,macrophage
9-3231,T CD4 naive
9-3232,macrophage
9-3233,endothelial
9-3234,neutrophil
9-3235,fibroblast
9-3236,epithelial
9-3237,T CD8 naive
9-3238,mDC
9-3239,macrophage
9-3241,B-cell
9-3242,fibroblast
9-3243,endothelial
9-3244,B-cell
9-3245,endothelial
9-3246,endothelial
9-3247,tumor
9-3248,B-cell
9-3249,T CD8 naive
9-3250,plasmablast
9-3251,B-cell
9-3252,B-cell
9-3253,macrophage
9-3254,B-cell
9-3255,B-cell
9-3256,B-cell
9-3257,endothelial
9-3258,endothelial
9-3259,B-cell
9-3260,T CD4 naive
9-3261,neutrophil
9-3262,NK
9-3263,B-cell
9-3265,B-cell
9-3266,B-cell
9-3267,mast
9-3268,neutrophil
9-3269,B-cell
9-3270,B-cell
9-3271,mDC
9-3272,macrophage
9-3273,fibroblast
9-3274,B-cell
9-3275,B-cell
9-3276,fibroblast
9-3277,epithelial
9-3278,B-cell
9-3279,macrophage
9-3280,fibroblast
9-3282,NK
9-3284,neutrophil
9-3285,mast
9-3286,fibroblast
9-3287,macrophage
9-3288,epithelial
9-3289,macrophage
9-3290,epithelial
9-3291,epithelial
9-3292,neutrophil
9-3293,macrophage
9-3294,B-cell
9-3295,macrophage
9-3296,pDC
9-3297,macrophage
9-3298,epithelial
9-3299,B-cell
9-3300,fibroblast
9-3301,epithelial
9-3303,tumor
